,username,realname,place,subscription,followers,following,tracks,likes,comments
0,khÃ³i ,None,dalat,Pro Unlimited,145K,6,81,61,152
1,Jesse Jo Stark,Jesse Jo Stark,Los Angeles,Basic,"1,755",0,19,None,1
2,lowna,None,Viet Nam,Basic,656,4,13,234,70
3,maybaygiay,May Bay Giay,"Ha Noi, Viet Nam",Basic,70,34,37,286,16
4,zarasteal,None,zara,Basic,35,6,17,46,26
5,3haHu$tlin,3ha Hustlin,"Hanoi, Viet Nam",Basic,890,2,9,36,6
6,nÃ¢n.,nanangx,Hanoi,Basic,26.5K,117,4,539,17
7,ARKA RECORDS,None,"HÃ  Ná»™i, Viet Nam",Basic,"8,730",67,27,319,5
8,khÃ³i ,None,dalat,Pro Unlimited,145K,6,81,61,152
9,khÃ³i ,None,dalat,Pro Unlimited,145K,6,81,61,152
10,Jesse Jo Stark,Jesse Jo Stark,Los Angeles,Basic,"1,755",0,19,None,1
11,lowna,None,Viet Nam,Basic,656,4,13,234,70
12,maybaygiay,May Bay Giay,"Ha Noi, Viet Nam",Basic,70,34,37,286,16
13,zarasteal,None,zara,Basic,35,6,17,46,26
14,3haHu$tlin,3ha Hustlin,"Hanoi, Viet Nam",Basic,890,2,9,36,6
15,nÃ¢n.,nanangx,Hanoi,Basic,26.5K,117,4,539,17
16,ARKA RECORDS,None,"HÃ  Ná»™i, Viet Nam",Basic,"8,730",67,27,319,5
17,D.Blue ,BÃ¹i Thanh,"Pleiku, Viet Nam",Basic,12.1K,49,28,36,9
18,phmnganh,None,Phuong Anh Nguyen Pham,Basic,649,2,4,279,8
19,MCK,HoÃ ng Long,"Hanoi, Viet Nam",Pro Unlimited,91K,154,47,502,None
20,LOPE PHAM,None,PRETTYBOI,Pro Unlimited,"1,629",39,7,613,22
21,FUJISHEN,XI XI,based in Hanoi,Basic,"2,393",3,16,355,124
22,ERICthe17 ğŸ”®,Tuan Du,"SaiGon, Viet Nam",Basic,119,87,4,51,45
23,Hustlang Winno ğŸ‰ğŸ,HoÃ ng Long Nguyá»…n,"Da Nang, Viet Nam",Pro Unlimited,"9,728",241,24,391,463
24,Lomax In Da Cut,None,"Vancouver, Canada",Pro Unlimited,"7,133",19,229,"1,095",212
25,DLG World,We don't care about your feelings,"Peru City, Viet Nam",Basic,945,0,14,95,73
26,ğŸŒ TECAWIZ SG ğŸŒ,â„â„â„ Å§ÎµÉ•É‘Ï‰Ä±Ê“ â„â„â„,"BAD CITY, Viet Nam",Basic,700,8,10,16,18
27,CHXXX,None,Toronto,Basic,192,71,7,46,36
28,Dewie,None,"Buon Me Thuot, Viet Nam",Basic,"2,944",7,11,51,15
29,Young Bo5 ,King Peru,"BMT dak lak, Viet Nam",Pro Unlimited,"3,909",12,17,43,128
30,willistic ,None,Vietnam,Basic,13.1K,42,13,476,48
31,Trash Dee,deadprofile,"Bad City, Viet Nam",Pro Unlimited,"2,479",71,18,903,373
32,ğ•·ğ–ğ–™ğ–™ğ–Œğ–šğ–—ğ–‘â™±,None,"Quy Nhon, Viet Nam",Basic,618,24,1,317,48
33,Martin Garrix ,Martin Garrix,"Amsterdam, Netherlands",Pro Unlimited,2M,1,70,18,26
34,DJ-RED,None,DJ RED,Basic,253,0,44,1,101
35,ROOKIES,None,None,Basic,"5,230",59,12,18,48
36,pidsanggar,None,None,Basic,23,0,1,None,None
37,Nháº­t HÃ  Nguyá»…n,Nháº­t HÃ  Nguyá»…n,"Báº¯c Ninh, Viet Nam",Basic,8,3,10,11,None
38,Ta-ku ,None,Australia,Pro Unlimited,408K,356,149,552,None
39,Lkang,lam quang,"Can Tho, Viet Nam",Basic,656,0,2,58,4
40,Urabe,Urabe QuÃ¢n,"TÃ¢y NguyÃªn, Viet Nam",Basic,960,8,3,12,5
41,Vinh Há»‰m,None,Há»‰m Vinh,Basic,13,6,1,9,None
42,Thang Hoang,None,Thang Hoang,Basic,10,302,5,601,56
43,Lam Tran/ TSL,TSL,"Hanoi, Viet Nam",Basic,"2,262",544,4,"3,860",57
44,Thá»‹nh Nguyá»…n,Nguyá»…n Thá»‹nh,"HÃ  Ná»™i, Viet Nam",Basic,24,45,23,28,3
45,PhÃºc TÃº,None,PhÃºc TÃº,Basic,147,6,10,286,10
46,All Vpop âœª Nháº¡c Viá»‡t Nam má»›i nháº¥t,None,None,Basic,"1,858",0,44,None,None
47,Dick - Báº¡n CÃ³ TÃ i MÃ ,None,None,Basic,22.6K,13,15,10,None
48,16 BeanCd (aka Don Brian),DÆ°Æ¡ng ÄoÃ n,"Háº£i PhÃ²ng Proud, Viet Nam",Basic,"1,219",35,6,187,45
49,@orei.mmcxi,None,None,Basic,"1,225",34,4,230,186
50,Hoanghighkey,KhÃ¡nh HoÃ ng,"Da Lat, Viet Nam",Basic,936,181,27,116,329
51,hnhngan,embequocdann,"hanoi, Viet Nam",Basic,67.4K,2,23,27,453
52,Coldzy,None,"Hanoi, Viet Nam",Basic,10.3K,45,7,"1,454",312
53,ğ™ğ™§ğ™–ğ™¨ğ™ğ™¯666 æ‚ªé­” à¼’,Pháº¡m Ngá»c Phong,"Hell On Earth, Viet Nam",Basic,236,330,4,747,50
54,Wxrdie,None,"Hanoi, Viet Nam",Basic,23.4K,96,13,"4,946","2,514"
55,sojuthepeanut,None,"Nk, Viet Nam",Basic,"1,932",255,34,354,62
56,Äá»©c Anh,None,Äá»©c Anh,Basic,569,4,24,49,None
57,Rapital,Rapital Represent,"Ha Noi, Viet Nam",Basic,21.4K,13,18,69,16
58,HUSTLANG Robber,Nguyen Huy,"Hustlang, Viet Nam",Pro Unlimited,11.6K,237,24,441,382
59,Don Toliver ,None,Don Toliver,Pro Unlimited,149K,14,67,7,13
60,Cslav,Connor Slavik,"Appleton, United States",Basic,"3,631",101,6,"2,095",39
61,Roderick Porter,None,"Toronto, Canada",Pro Unlimited,18.9K,52,64,634,"1,223"
62,SOSMAN,Seb Osman,"Adelaide, Australia",Basic,378,39,28,326,26
63,Peach Tree Rascals,None,None,Pro Unlimited,"6,314",0,29,1,None
64,Khoi Vu,Bá»‡u - Lennie,Berlin,Pro Unlimited,14K,111,21,86,227
65,KofaBe,None,None,Basic,"2,569",0,11,9,3
66,.gnahk,None,Khang Tráº§n,Basic,342,65,2,212,47
67,BMix,None,Vclll Thycutee,Basic,193,1,3,2,None
68,Ravenna Da MC,Moonlight Cats,"Ha Noi, Viet Nam",Basic,98,14,12,37,68
69,"97,5 MHz",None,Viet Nam,Basic,322,23,18,48,22
70,Cassette Äá»,cassettedo,"BiÃªn HoÃ , Viet Nam",Basic,109,1,8,None,None
71,_Sikdy_,Hong Quan,"Ha Noi, Viet Nam",Basic,23,16,11,38,7
72,NGHXIA,None,None,Basic,250,105,5,"1,458",21
73,dairatbuon,None,Dai Nguyen,Basic,"1,376",27,41,240,11
74,Báº¡n CÃ³ TÃ i MÃ ,None,"SÃ i GÃ²n, Viet Nam",Basic,"3,425",1,27,28,None
75,LongH,Long,"giakiemcity, Viet Nam",Basic,55,9,12,17,2
76,Hieu Ngo,NgÃ´ Hiáº¿u,"Háº¡ Long, Viet Nam",Basic,"2,239",752,10,754,694
77,tlinh ğŸ˜¡,None,"Hanoi, Viet Nam",Basic,47.7K,95,24,716,None
78,fishy,None,atlantis,Basic,"2,000",12,6,47,46
79,Joey Original,Joey Original,HCM,Basic,15,5,11,6,6
80,chiulinh,None,None,Basic,15.4K,65,48,638,92
81,2507.w0rry_er!+,None,Duy Duy,Basic,85,48,1,344,8
82,Anh,None,None,Basic,41,2,4,59,None
83,Gonnerz,None,Huá»³nh Trá»ng Äá»©c,Basic,62,4,9,2,None
84,PAR SG,None,None,Basic,28.6K,0,30,None,None
85,Tr Hai Nam,None,Tran Nam,Basic,159,6,4,36,5
86,T O F U B O I,TÃ­ NhÃ  VÄƒn,"TÃ¢y NguyÃªn, Viet Nam",Basic,11.7K,20,8,47,20
87,TaynguyenSound,TaynguyenSound,"TÃ¢y NguyÃªn, Viet Nam",Basic,16.5K,1,26,27,None
88,SonyTranOfficial ,Sony Tran,"Berlin, Germany",Pro Unlimited,"4,860",563,120,161,62
89,TGSN ,None,Hanoi,Basic,"6,490",191,16,926,79
90,Riddy,None,Há»“ ChÃ­ Minh,Basic,423,33,6,76,36
91,ThÃ nh Pháº¡m,ThÃ nh Pháº¡m,"Saigon, Viet Nam",Basic,57,43,4,23,5
92,1nG ,None,Bá»‡u Ka,Basic,"9,840",0,11,492,322
93,Travis Pháº¡m,travis pháº¡m,"Tp HCM, Viet Nam",Basic,71,235,18,613,10
94,bobaaiva,Han Ziea,"Tuyen Quang, Viet Nam",Basic,49,1,2,23,6
95,DENKI SAMA(ä¼ ç¦SAMA),DENKI SAMA,"â™¥, China",Basic,729,670,51,291,29
96,brianjcb,None,Brian Calumpit,Basic,397,7,9,None,None
97,Masego ,None,Virginia,Pro Unlimited,182K,466,88,"1,389",401
98,"BLACK LIONS BEATZ | TYPE BEAT, BEATS, 2021",Type Beats Rap Guitar R&B Rnb HARD Freestyle Free Beat UK Drill Lofi,"Rap Trap Hip Hop Instrumental 2021, United States",Pro Unlimited,85.6K,47,215,"1,466",796
99,[No Copyright Lofi],Lofi l0f1,Knowhere,Basic,"5,158",18,35,171,77
100,NVM ,None,Viet Nam,Pro Unlimited,11.9K,0,58,None,None
101,TheMartianbeatz ğŸ›°ï¸ğŸš€ğŸ›¸ğŸŒŒ,None,"Fountain Valley , United States, Viet Nam",Basic,497,153,10,540,27
102,HURRYKNG ,GERDNANG,"HOCHIMINH, Viet Nam",Basic,"3,243",28,15,179,56
103,denvau ,Äen VÃ¢u,Viet Nam,Pro Unlimited,256K,43,64,22,77
104,wangmiumiu ^^,no memory no problems,seoul,Basic,21,71,4,68,2
105,Vietnamese Rapgodzilla,None,The Vietnamese Rapgodzilla Dsk,Basic,25.4K,5,57,6,21
106,Left Handâœ° ,21âŠ• <3 <3 Vaporider,"Vapor City, Chanel Place, Viet Nam",Basic,"4,285",200,24,"1,624",839
107,Phin,TrÆ°á»ng Thá»‹nh,Há»“ ChÃ­ Minh,Pro Unlimited,623,15,10,152,33
108,Raxii,Quáº­n VÄ©nh,Viet Nam,Basic,99,12,1,73,7
109,Nguyen Tuan Ninh,None,Ninh Nguyen Tuan,Basic,698,5,18,25,1
110,punnas,None,PhÃº HoÃ ng,Basic,257,5,1,16,None
111,Smo,None,Long Duong,Basic,14K,0,18,25,3
112,keepitreal,None,ThÃ¡i Nguyá»…n,Basic,29,3,7,36,1
113,tÃ¢n,TÃ¢n Äáº·ng,"há»“ chÃ­ minh, Viet Nam",Basic,13,4,1,11,4
114,xn,None,N N,Basic,6,3,4,38,9
115,Manhjj,Nguyá»…n Máº¡nh,flow me ?,Basic,84,30,27,101,22
116,ThÃ¡i VÅ©,None,ThÃ¡i VÅ©,Basic,58,1,11,9,2
117,Poll,Báº£o Khang,Viet Nam,Basic,614,1,10,21,6
118,OTÄ Official,None,OTÄ Official,Basic,"6,307",42,12,11,8
119,souryuuu,Do Tien Nguyen,"Nha Trang, Sai Gon, Viet Nam",Basic,98,271,19,332,24
120,Shen Tráº§n,None,TrÃ­ Tráº§n,Basic,36,19,7,67,25
121,DC GanG Records,DC OverDose,SaiGon - VietNam,Basic,17.5K,48,47,283,23
122,Hunter Ska,Duy Anh LÃª,"Freiburg im Breisgau, Germany",Basic,"3,109",59,51,166,200
123,Famous Dex ,None,"Chicago, United States",Pro Unlimited,307K,0,113,None,None
124,Trung TÃ¢m BÄƒng ÄÄ©a Láº­u Háº£i Ngoáº¡i,None,ChÃ­nh thá»©c ngá»«ng hoáº¡t Ä‘á»™ng,Basic,20.7K,1,30,2,37
125,cozy,None,QuyÃªn HoÃ ng,Basic,37,0,5,14,None
126,RyriLyricsForYou,Ryri LyricsForYou,"Ho Chi Minh, Viet Nam",Basic,780,63,37,52,7
127,PhÃ¹ng KhÃ¡nh Linh,Linh PhÃ¹ng,"Saigon, Viet Nam",Basic,"6,914",0,19,7,8
128,ngoc huyen,None,None,Basic,117,0,16,110,None
129,Angeli,Angel Saldi,Sin City,Basic,209,221,5,763,46
130,TO$KA,None,âœ¨,Basic,"5,466",35,25,"1,219",209
131,Kim Chi,None,Kim Chi,Basic,50,0,2,None,None
132,WEAN ,None,Wean LÃª,Basic,31.8K,12,23,16,None
133,I wuv U,None,"HÃ  Ná»™i, Viet Nam",Basic,585,29,12,44,4
134,ìš”í”Œë ˆ,None,"Seoul, Republic of Korea",Basic,264,7,27,17,1
135,Amani Omar,None,"West Palm Beach, United States",Basic,593,94,14,"1,333",26
136,L2Shareâ™«66,None,None,Basic,17.5K,3,33,None,None
137,bachdiep,None,Viet Nam,Basic,"8,005",53,3,139,33
138,SoulZ Records,Submit DEMO at SubmitHub,"Ho Chi Minh, Viet Nam",Basic,"1,143","1,747",85,"2,880",703
139,Luh Kel ,None,St.Louis,Pro Unlimited,143K,4,44,21,2
140,LIL DUSTY G ,None,None,Pro Unlimited,18.3K,0,24,"1,543",34
141,Tony Velour,None,None,Pro Unlimited,"2,948",0,69,None,9
142,NRA.Tobeyy,None,ÄÄƒng Khoa Tráº§n,Basic,157,13,12,14,19
143,Ä‘Æ°á»ng tÄƒng official,None,Ä‘Æ°á»ng tÄƒng official,Basic,3,1,2,1,None
144,nastynerds.musicgroup,None,None,Basic,820,1,30,8,14
145,XOLITXO arch ,CHAOS4EVER,"thu duc. saigon, Viet Nam",Basic,"2,886",270,29,860,187
146,Shiro_14.7,None,"Texas, United States",Basic,7,0,1,1,None
147,koe,None,Plus Huy,Basic,8,13,1,193,4
148,k1ngZ,None,KingZ KingZ,Basic,4,5,3,12,None
149,BlackSayyan666,Black Goku,"Sai Gon, Nha Trang, Viet Nam",Basic,"1,289",417,29,"1,013",None
150,Ice_killa$$$,None,"T-Town, Viet Nam",Basic,122,55,6,465,85
151,DAVYSOWN,None,SÆ¡n Pháº¡m,Basic,99,0,12,344,5
152,PhÃ¡t Nguyá»…n,None,PhÃ¡t Nguyá»…n,Basic,36,18,11,122,None
153,TÃ¡o,Má»™t NgÆ°á»i,"Há»“ ChÃ­ Minh, Viet Nam",Pro Unlimited,54.8K,118,46,53,87
154,donglephu,Dong Le,Viet Nam,Basic,20,6,1,33,10
155,Domi,Khang,"SGTown X DalatMango, Viet Nam",Basic,44,41,12,111,39
156,DG MC,None,DG MC,Basic,23,7,26,1,None
157,Luu Huong Thao,None,"Hanoi, Viet Nam",Basic,71,1,3,31,None
158,It's Huy,None,"Saigon, Viet Nam",Basic,"4,953",2,34,11,12
159,2ez4bm8,Harry Le,"37.8136Â° S, 144.9631Â° E",Basic,411,119,25,"1,005",18
160,i'm tobiee,None,Phong Ly,Basic,"7,631",0,6,3,7
161,LÃ£.,None,ThÃ¹y Trang LÃ£,Basic,"8,694",16,4,65,105
162,LÃ¢m Aio,Just Aio,YÃªn bÃ¡i,Basic,"1,554",32,5,13,14
163,ntd_brandon,Dat Nguyen,that ainâ€™t a sword,Basic,126,51,7,"1,139",53
164,Masew ,None,VIETNAMESE,Basic,62.5K,36,31,76,54
165,d4Evelise,Khoa,Sai Gon,Basic,"1,348",36,11,17,6
166,ADED Music Group,ADED Music Group LLC,"Lewes, Delaware, United States",Basic,"2,497",5,43,10,6
167,Xeko Decoco ,Tran Minh Duc,"HÃ  Ná»™i, Viet Nam",Basic,27.2K,307,19,"1,296",399
168,PhÆ°á»£ng HÃ­p,HOANG DANG PHUONG,Viet Nam,Basic,"3,914",9,23,3,14
169,Dope B ,CÃ´ng Báº£o,"SÃ i GÃ²n, Viet Nam",Pro Unlimited,15.6K,"1,026",44,"1,377","2,372"
170,HoÃ ng TÃ´n,Nguyá»…n HoÃ ng TÃ´n,"Ho Chi Minh City, Viet Nam",Pro Unlimited,14.5K,78,49,74,20
171,Anzz,káº§n má»™t kÃ¡i tÃªn,"nÃ³i ra cho bay kiáº¿m tao hÃ£, Antarctica",Basic,356,120,17,226,405
172,VUX,VÅ© Nguyá»…n,Viet Nam,Pro Unlimited,"4,085",1,13,None,14
173,AlidaXXI,None,Viet Nam,Basic,924,6,9,40,72
174,Rude Boy,Rude Boy,"New York, United States",Pro Unlimited,"2,137",112,22,43,11
175,hii_,PhÆ°Æ¡ng Mai,Viet Nam,Basic,68,0,4,136,4
176,changhihiii,None,Trang Pháº¡m,Basic,430,2,3,161,22
177,wyhnaa,Trang HÃ ,Viet Nam,Basic,486,7,11,73,13
178,k s o j i n,None,Minh LÆ°Æ¡ng,Basic,"1,441",11,8,368,15
179,Chu,None,None,Basic,"5,863",4,21,828,172
180,Mewwiie,None,TÃº NÃ¨k,Basic,471,1,42,37,None
181,Fong,None,None,Basic,755,4,10,26,31
182,Hawys. ,ï¼¤ï½ï½ï½‡ ï¼®ï½ˆï½•ï½” ï¼¨ï½ï½,VN,Pro Unlimited,"9,055",18,37,461,58
183,J a p a n C h i l l,Japan Chill,"Ho Chi Minh City, Viet Nam",Basic,161,0,19,22,2
184,buitruonglinh,BÃ¹i TrÆ°á»ng Linh,"Há»“ ChÃ­ Minh, Viet Nam",Basic,10.4K,33,6,83,61
185,[Pink Hapless],None,.,Basic,713,84,24,216,224
186,eOne Music ,e One,"New York, United States",Basic,38.4K,86,389,267,3
187,Kidz,PhÃºc ThÃ nh Nguyá»…n,United States,Basic,"4,852",0,7,57,58
188,thesaddestboyinthisgalaxy ,None,"Hai Phong - Sai Gon, Viet Nam",Basic,"3,592",30,12,361,352
189,W,Äáº¡t Tráº§n,"Ha Noi, Viet Nam",Basic,349,50,4,161,30
190,TRex,Tháº±ng áº¤t Æ ,"Ho Chi Minh, Viet Nam",Basic,"1,813",8,23,155,173
191,mnhat.peo,None,I Am Japand,Basic,"1,716",56,12,925,6
192,Anh Minh,Tui Tráº£,Canada,Basic,"1,945",21,23,166,None
193,RPT Phongkhin ,pacman.,"âš¯âš¡, Viet Nam",Pro,23.8K,80,85,"2,089",130
194,prod. Icevzx,khoi nguyen,"Ho Chi Minh, Viet Nam",Basic,293,87,24,170,116
195,$ativa,Huy DÅ©ng,"HaiPhong, Viet Nam",Basic,14K,176,13,212,132
196,trantantai-3T,Tráº§n Táº¥n TÃ i,"Ho Chi Minh City, Viet Nam",Basic,372,20,4,57,15
197,yng itachi,None,United States,Basic,"1,607",3,36,234,87
198,duck,None,Vides Bad,Basic,250,1,12,33,3
199,SVDNINJVZ LABEL,SVDNINJVZ LABEL,"HANOI, Viet Nam",Basic,717,4,4,8,None
200,mon mon,None,mon mon,Basic,32,14,1,292,None
201,Feliks Alvin,Hung Nguyen,"Ha Noi, Viet Nam",Basic,"2,025",32,40,53,113
202,à¹–Tuáº¥n._Azhà¹–,â¤ï¸â¤ï¸â¤ï¸,Peru,Basic,"1,326",136,11,47,5
203,ğ‘ªğ’‚Ì€ ğ’‘ğ’‰ğ’†Ì‚ ğ’”ğ’–Ì›Ìƒğ’‚ (Ä‘Ã¡) â˜•,None,Viet Nam,Basic,"1,729",10,14,50,3
204,EzPain,None,"Hanoi, Viet Nam",Basic,47,16,4,67,1
205,T-Bag,None,T-Bag Tran,Basic,35,4,2,6,1
206,Lonie,DC GanG Or Die,"Saigon/HCMC, Viet Nam",Basic,296,35,15,104,20
207,nq truonq,None,"HoChiMinh, Viet Nam",Basic,174,15,24,82,None
208,Kh0i,None,Viet Nam,Basic,4,8,3,162,8
209,CÆ°á»ng,None,CÆ°á»ng Thanh,Basic,66,0,4,2,None
210,PhuBinh,Binh Nguyen Phu,"HoChiMinh, Viet Nam",Basic,"1,800",6,6,30,37
211,ACENS,None,None,Basic,"6,830",8,22,19,13
212,LÃª Nguyá»…n PhÃº,PhÃº LÃª Nguyá»…n,"Báº¡c LiÃªu, Viet Nam",Basic,33,74,2,856,None
213,LuxÃ¸fons,n g u y e n v a n q u y e n,h a n o i,Basic,"2,068",122,46,155,148
214,Cofm â™«,LÃª Minh Chá»©c,"HÃ  Ná»™i, Viet Nam",Basic,"2,023",100,32,333,255
215,Sean,None,Son Nguyen Dinh,Basic,107,4,9,9,None
216,Besu,None,Minh Quang Nguyá»…n,Basic,34,0,14,1,4
217,Larria.,None,Viet Nam,Pro Unlimited,"9,936","1,199",28,"2,240",129
218,HOH / Há»“ng Hoa .â€¢â˜,Chiáº¿n Äá»™i Há»“ng Hoa âœª,"GÃ² CÃ´ng - Tiá»n Giang, Viet Nam",Basic,77,2,13,None,19
219,LDleKING,Trappy Donny,"Saigon, Viet Nam",Basic,10.7K,97,27,296,None
220,20MC Official,None,20MC Official,Basic,367,4,17,3,2
221,Lil'Wuyn,None,95 Generation,Basic,16.9K,132,15,96,32
222,Äáº·ng Gia Linh,Äáº·ng Gia Linh,"hÃ  ná»™i, Viet Nam",Pro Unlimited,"1,738",39,13,186,23
223,Gau Beo,None,None,Basic,319,25,9,65,54
224,[OFFICIAL] Freaky nÃ¨,None,Long XuyÃªn,Basic,"5,752",47,27,"1,028",110
225,Huá»³nh Tuáº¥n,None,Tuáº¥n Huá»³nh,Basic,7,2,3,10,None
226,SÆ¡n SÆ¡n,None,SÆ¡n SÆ¡n,Basic,31,9,2,217,None
227,WANSENTAI,None,"S A I G O N, Viet Nam",Pro Unlimited,"2,423",182,31,436,178
228,Black Po,None,/'so nuts/,Pro Unlimited,"1,347",249,26,472,143
229,WaDu LeVi,None,Wadu wadu Hek,Basic,489,23,5,675,17
230,Quang Minh Lai,None,None,Basic,32,4,5,192,None
231,Minh Kai,None,Minh Kai,Basic,23,23,5,18,1
232,LadyKillah Entertainment,LadyKillah Entertaiment,"HaNoi, Viet Nam",Basic,513,0,35,26,3
233,ì• ì •,None,"LA, United States",Basic,315,19,3,133,11
234,leah,None,leah,Basic,69,10,2,65,None
235,L2Shareâ™«128,None,None,Basic,"1,481",1,43,None,None
236,Drim,None,"DaNangfortythree, Viet Nam",Basic,305,77,3,450,72
237,DEEYE Official,None,deeye deeye,Basic,78,2,5,5,3
238,Hustlang Roki ğŸ¦ˆğŸ,Nguyá»…n Tháº¿ Phong,"Nha Trang, Viet Nam",Basic,"1,312",11,3,66,116
239,gnt,None,"ÄÃ  Láº¡t, Viet Nam",Basic,643,103,10,48,14
240,Delspx,None,Viet Nam,Basic,128,16,4,44,3
241,WD.E,None,We Dream,Basic,"4,846",1,21,96,2
242,RPT Groovie,Tháº¯ng LÃ£ Táº¥t,"Ha Noi, Viet Nam",Basic,"8,157",64,14,109,374
243,bf_huNG,None,HÃ¹ng LÃª,Basic,43,17,1,25,10
244,20s.Kaeri.HoangDuong,HoÃ ng DÆ°Æ¡ng,"Long XuyÃªn, Viet Nam",Basic,64,6,11,21,33
245,Guvy,ThÃ nh Äáº¡t,"Hai Phong, Viet Nam",Basic,104,22,3,82,14
246,KENSHIN,None,NEECHAN REC,Basic,226,58,49,122,29
247,anhhquanha,None,Anh Quan Ha,Basic,99,13,2,59,17
248,ANNGO,An Ngo,"Sai Gon, Viet Nam",Basic,688,258,13,281,39
249,TiÃªu,Trung Nháº­t,"Ho Chi Minh, Viet Nam",Basic,297,32,6,58,93
250,No Holiday ,No Holiday,"Toronto, Vancouver and Ho Chi Minh, Canada",Pro Unlimited,"1,503",18,21,106,261
251,Level KiD,Quá»‘c KhÃ¡nh Nguyá»…n,"HÃ  Ná»™i, Viet Nam",Basic,304,100,7,402,180
252,Äáº¯ng,Hiáº¿u Trung TÃ´n,á´…á´‡á´€á´›Êœêœ±á´›á´€Ê€,Basic,22,75,2,217,4
253,AlmostPerfect,None,AlmostPerfect Lab,Basic,8,0,1,2,2
254,VuDuy Nháº¥t,Nháº¥t VÅ© Duy,"Hai Duong, Viet Nam",Basic,329,29,2,74,10
255,LUNY âœª,LUNY Entertainment,HÃ  Ná»™i,Basic,956,169,29,35,6
256,Quang TrÆ°á»ng,None,Äáº·ng TrÆ°á»ng,Basic,21,6,5,13,None
257,+ slowed vibes +*,None,OG,Basic,"1,424",3,49,198,15
258,Limitlxss,Nguyen Quoc Dat,"HÃ  Ná»™i, Viet Nam",Basic,"7,133",65,9,52,60
259,SGK Gang Records,Supreme God X Another K,"Toronto, Canada",Pro Unlimited,702,"1,251",9,373,458
260,avocado house,None,None,Basic,124,0,1,None,None
261,HIEUTHUHAI ,None,The 1st GERDNANG,Basic,39.6K,95,16,245,185
262,CPU,None,None,Basic,77,2,9,13,4
263,chillingo,"Ã´ng trÃ¹m cá»§a VOK, Ä‘á»c lÃ  VÃ³c =))","SG, Viet Nam",Pro Unlimited,"2,983",233,26,"1,203",141
264,Soul,Giang Sang,"Vung Tau, Viet Nam",Basic,898,"1,221",13,"1,316",90
265,khÃ³i ,None,dalat,Pro Unlimited,145K,6,81,61,152
266,Jesse Jo Stark,Jesse Jo Stark,Los Angeles,Basic,"1,755",0,19,None,1
267,lowna,None,Viet Nam,Basic,656,4,13,234,70
268,MDOB,Matthew HoÃ ng,SÃ i GÃ²n,Basic,"3,102",198,12,307,24
269,icy da vinci ,Icy,"Seoul, Republic of Korea",Basic,"4,538",566,30,"1,103",429
270,Amigoinf,None,None,Basic,"5,026",248,31,138,272
271,NEECHAN âœª REC,None,Ken$hin,Basic,202,48,8,143,13
272,Huy Khang,None,Huy Khang Nguyá»…n,Basic,158,1,3,1,None
273,Charlie Puth ,None,None,Pro Unlimited,332K,26,82,107,None
274,el,None,United States,Basic,33,6,10,160,34
275,Ayman Jabali,None,"Riyadh, Lebanon",Basic,39,1,1,94,3
276,Deen Creed,None,"Alger, Algeria",Basic,"3,335",263,21,643,30
277,Andiez ,None,None,Basic,51.4K,25,54,75,154
278,ShenlongZ ,None,"Nha Trang, Viet Nam",Pro Unlimited,20.2K,"1,962",67,"1,692","1,263"
279,chloÃ©,None,hdng.ngmduc,Basic,116,45,8,306,13
280,Ken Lous,Tuáº¥n Phong,"Ho Chi Minh, Viet Nam",Basic,306,6,11,30,3
281,phmthc.,ï½”ï½ˆï½ï½ï½ˆï½ƒï½ï½ï½‡Â²â°â¸,"virginia,hn-vnam, United States",Basic,79,0,5,868,8
282,Cam,Toan Le,Saigon,Basic,51K,106,57,360,107
283,ğ˜„ğ—”ğ˜ƒğ˜†ğŸ­ğŸ´ğŸ® â˜… ,None,"Saigon, Viet Nam",Basic,"3,632",10,18,"1,995",272
284,it's so lit ğŸ”¥,Welcome to The Private Club,"Sai Gon, Viet Nam",Basic,"2,893",16,8,66,6
285,Baby Gho$t,GH0$T,Memphis,Pro Unlimited,"6,121",5,26,92,46
286,2Floody ,None,"New Jersey, United States",Pro Unlimited,21.5K,0,132,898,"1,309"
287,Flight ,None,"West Palm Beach, United States",Pro Unlimited,27.5K,0,36,53,None
288,Artyz,None,QuÃ¢n QuÃ¢n,Basic,49,0,3,163,None
289,TL,None,Linh Pháº¡m,Basic,548,0,5,220,11
290,Huy Chizza,Tran Huy Chien,"Nha Trang,Khanh Hoa, Viet Nam",Basic,274,105,4,117,36
291,Äá»©c Huy,Äá»©c Huy HoÃ ng,"Háº£i PhÃ²ng, Viet Nam",Basic,66,134,6,506,1
292,7UPPERCUTS,None,"Saigon, Viet Nam",Basic,11.1K,0,14,1,2
293,Onionn. ,None,District-8 / PSYKOUGANG / H-town,Pro Unlimited,32.4K,416,29,73,36
294,Nguyá»…n Tiáº¿n Máº¡nh,None,Máº¡nh Nguyá»…n Tiáº¿n,Basic,15,12,8,245,1
295,ngongoeoe,Ngoc LÃª,"Pleiku, Viet Nam",Basic,64,36,7,266,11
296,MINT,None,Mint 00322,Basic,502,0,12,22,4
297,LaÌ€ Koo,None,None,Basic,30.3K,3,32,27,30
298,HÆ°á»Ÿng Nguyá»…n VÄƒn,HÆ°á»Ÿng Nguyá»…n VÄƒn,"hanoi, Viet Nam",Basic,"1,671",15,22,8,None
299,TINLE,None,SpaceSpeakers,Basic,11K,39,32,139,69
300,Fajrin Alkatera,None,"Jakarta, Indonesia",Basic,"1,786",10,28,24,66
301,kailakino,None,"arizona, United States",Basic,791,81,7,153,39
302,HYPE MUSIC,Seif Rafik,United States,Basic,11.2K,1,9,None,None
303,ProD.WA,None,"Hanoi, Viet Nam",Basic,565,0,11,14,12
304,PAR FLEX,Ngo Xuan Quang,"HÃ  Ná»™i, Viet Nam",Basic,"2,143",145,7,765,55
305,xxlevi,Duong.,hanoi,Basic,"2,190",101,12,430,None
306,Xesi,HaÌ£ YÃªÌn,"Thai Nguyen, Viet Nam",Basic,13.5K,54,7,392,339
307,BoongBoi,None,"SaiGon, Viet Nam",Pro,692,23,34,419,24
308,CM1X ,Pham Nguyen Duc Anh,"Ho Chi Minh, Viet Nam",Pro Unlimited,23.3K,222,95,359,120
309,Kewtiie ,None,None,Pro,18.8K,21,10,430,25
310,DJ TÃ i Muzik,Nguyá»…n TÃº TÃ i,"Báº¯c Giang, Viet Nam",Basic,"2,849",117,12,77,115
311,Timon,Trinh Duy Tan,"TuyÃªn Quang, Viet Nam",Basic,13.4K,71,9,"1,454","1,281"
312,I'm Quá»‘c Viá»‡t âœª,HoÃ ng Quá»‘c Viá»‡t,Viet Nam,Basic,215,1,7,13,4
313,Borgore ,Asaf Borgore,Tel Aviv,Pro Unlimited,3.82M,112,191,515,25
314,Nháº­t Linh Nguyá»…n,None,Nguyá»…n Nháº­t Linh,Basic,40,20,10,288,5
315,prettyXIX,Travis Nguyen,"Philadelphia, United States",Basic,"3,934",118,22,197,5
316,chELL,None,"Quangninh, Viet Nam",Basic,27,1,2,50,24
317,"VÅ©, ",Hoang Thai Vu,Ha Noi,Basic,200K,32,62,37,60
318,ThÃ nh,None,None,Basic,323,54,15,90,None
319,REX,GERDNANG,Viet Nam,Basic,608,32,2,71,14
320,lugati,Triá»n LÆ°á»ng,Viet Nam,Basic,83,9,6,82,4
321,JADYSBIRTHDAY ,None,None,Basic,"5,888",1,29,"1,391",112
322,111Swank,baby swank,Los Angeles,Pro Unlimited,"3,495",22,15,781,32
323,a12musicstation,None,None,Basic,18,7,25,1,None
324,84GRND,84GRND VIETNAM,"HANOI, Viet Nam",Basic,"1,447",2,16,2,1
325,All Vpop âœª Nháº¡c Viá»‡t Nam má»›i nháº¥t,None,None,Basic,"3,775",0,41,None,None
326,The Cassette,None,None,Basic,"2,425",0,9,None,None
327,MANBO,The best GERDNANG,"Ho Chi Minh, Viet Nam",Basic,"6,825",52,19,682,324
328,Jein,None,Cat Thunder,Basic,2,11,3,15,2
329,ğ˜¨ğ˜ªğ˜¥ğ˜¦ğ˜°ğ˜¯,PhÃ¹ng Huy Minh,"Hanoi, Viet Nam",Basic,253,1,3,89,28
330,Nguyen Hong Giang,Nguyen Hong Giang,"Ho Chi Minh City, Viet Nam",Basic,"6,993",0,140,None,4
331,Vinataba âœª,None,None,Basic,"5,850",266,34,31,9
332,Seachains,None,None,Basic,767,0,17,None,None
333,Orion.,Duy Anh,Nowhere,Basic,47,52,4,184,7
334,JBEE7 nahh,None,JBEE7 Nahh,Pro Unlimited,258,2,20,68,None
335,Elevation ,None,Brazil,Pro Unlimited,24.7K,111,274,194,12
336,LV,None,"Sam Son, Thanh Hoa, Viet Nam",Basic,"1,292",1,5,11,14
337,ThanhHuy,None,"HCM, Viet Nam",Basic,310,2,59,None,None
338,Äá»©c Trá»ng,None,Äá»©c Trá»ng,Basic,85,0,9,1,None
339,Long Tomahoak,None,Long Tomahoak,Basic,42,61,8,326,36
340,odayconhacthuii,None,None,Basic,"1,159",2,8,222,None
341,HoÃ ng Viá»‡t,None,Viá»‡t HoÃ ng,Basic,7,9,3,97,4
342,Summer Vee,Summer Vee,"Há»“ ChÃ­ Minh, Viet Nam",Basic,"1,716",13,4,17,4
343,Frey,Phong Nguyá»…n,"GVR, Viet Nam",Basic,"3,463",110,3,192,None
344,SG Prider,SG Prider,"ho chi minh, Viet Nam",Basic,"5,411",13,35,12,102
345,Nigga,None,None,Basic,645,13,12,1,None
346,LovelyQui,None,None,Basic,591,3,13,38,None
347,debhatedep,dothanhhthao .,Viet Nam,Basic,127,19,2,192,1
348,TIEN TIEN ,None,TIEN,Pro Unlimited,50.5K,10,16,20,4
349,HÃ  Duy,None,HÃ  Duy,Basic,743,1,4,8,1
350,New$oulZ,YÃªn HÆ°ng,"ngoáº¡i Ã´ ÄÃ  Láº¡t, Viet Nam",Basic,20.1K,238,10,333,195
351,Mr. BoomBa,Nguyá»…n KhÃ¡nh,"Hue, Viet Nam",Basic,"6,429",1,71,54,86
352,Teo Ho (TNT),None,NhÃ¢Ì£tt TÃ¢nn,Basic,414,14,8,46,4
353,Joy Bleu,Joy Bleu,"haiphong, Viet Nam",Basic,"1,937",0,7,2,1
354,Báº¯c BÃ¹m,None,BÃ¹m Báº¯c,Basic,166,22,7,209,3
355,Máº·n,None,"Sai Gon, Viet Nam",Basic,882,234,4,153,74
356,Ngá»t,Ngot,"Hanoi, Viet Nam",Pro Unlimited,79.5K,0,46,None,2
357,Kimmese ,Cam Le Quach,"Hanoi, Viet Nam",Pro Unlimited,32.1K,31,38,18,7
358,HiSam,Hai Sam,Ha Noi,Basic,60.9K,46,26,176,57
359,Lil Gold,None,Lil Gold,Basic,912,55,6,None,None
360,BILLY100,BILLYTHEBADKID,SÃ i GÃ²n,Basic,"2,411",26,9,130,11
361,somewhere,None,Nam Nam,Basic,517,15,2,270,5
362,Rap NhÃ  LÃ m,None,Rap NhÃ  LÃ m,Basic,25.9K,2,34,14,10
363,Tage M.,Tuan Huy Vu,"Hanoi, Viet Nam",Basic,"7,138",19,1,13,13
364,Minh Äá»©c DÆ°Æ¡ng,None,Minh Äá»©c DÆ°Æ¡ng,Basic,8,10,3,51,3
365,Hazard Clique,None,"Saigon, Viet Nam",Basic,21.2K,21,25,7,4
366,Bob Louis,None,Saigon - Chá»£ Lá»›n,Basic,107,6,23,39,3
367,Blacka a.k.a Black Murder,Ã‚n Há»“,"Saigon, Viet Nam",Basic,17.5K,18,20,39,4
368,BAZZI ,None,BAZZI,Pro Unlimited,169K,0,64,16,None
369,XMG(Xcellent Music Group),XMG(ì—‘ì„¤ëŸ°íŠ¸ë®¤ì§ê·¸ë£¹),Seoul,Basic,"4,135",1,26,None,None
370,Huá»³nh Minh Vinh Hiá»ƒn,None,Vinh Hiá»ƒn Huá»³nh,Basic,136,19,3,37,None
371,Thai Dinh - NamKun,None,None,Basic,30.4K,2,19,9,1
372,LÃª Thanh VÅ©,None,None,Basic,186,19,7,151,2
373,Kim Chi Sun,Kim Chi Sun,Hanoi - Sai Gon,Pro Unlimited,"7,046",50,70,210,298
374,Daz,Tran Duc Anh,"Ha Noi, Viet Nam",Basic,"2,921",303,28,355,490
375,kidsai ,None,"Houston, United States",Pro Unlimited,"3,821",9,11,239,None
376,40Kah,None,XuÃ¢n Khanh Äinh,Basic,12,35,5,96,2
377,Lil Roff,None,"Tra Vinh, Viet Nam",Basic,276,9,2,31,32
378,PC [ FeelingSounds ],Nguyá»…n CÆ°á»ng,"Pleiku Gia Lai / TÃ¢y NguyÃªn, Viet Nam",Basic,19.7K,89,43,179,187
379,Obito is meeee,None,Quá»‘c Phong,Basic,"2,410",63,8,166,70
380,ngovoductoan,ToÃ n NgÃ´,Viet Nam,Basic,64,19,3,74,None
381,don't say anything Ê• Âº á´¥ ÂºÊ”,None,"Ha Noi, Viet Nam",Basic,66,59,1,27,27
382,ThiÃªn Phan,None,ThiÃªn Phan,Basic,19,1,2,12,4
383,Tillzy,Tráº§n TrÃ­ TÃ i TÃ i,Viet Nam,Basic,117,12,3,68,7
384,Tyga ,Tyga,"LA, United States",Pro Unlimited,455K,0,227,23,1
385,Bruise,M T,Viet Nam,Basic,183,2,3,11,2
386,Jason Lax,None,Xuan Hong La,Basic,38,14,4,60,None
387,dimita,Ngoc Tan Dinh,Ha Noi,Basic,149,9,14,43,None
388,Nasty5 - BCTM,BÃ¡ Long,"Sai Gon, Viet Nam",Basic,725,42,10,193,57
389,Vá»¹ VÄƒn,None,Vá»¹ VÄƒn,Basic,"1,165",35,36,599,6
390,Seachains,Háº£i Chiá»n,C Town,Basic,14.6K,219,27,114,26
391,Jayden Koert,None,Jayden Koert,Basic,586,99,10,41,68
392,For The People,Jaden Burton,"TâœªRâœªNTâœª, Canada",Pro Unlimited,545,92,48,310,5
393,Rei,None,Music Anime,Basic,"2,491",2,14,139,3
394,cochise ,None,South FL,Pro Unlimited,79.4K,1,67,"1,106",41
395,Tommy Nguyá»…n,Tommy Nguyá»…n,"Ha Noi, Viet Nam",Basic,32,0,1,None,None
396,VT LOCO,None,"CapSaint Jacques, Viet Nam",Basic,"1,884",77,24,160,239
397,da/md,Vu Gia Manh,"HÃ  Ná»™i, Viet Nam",Basic,"1,647",156,8,718,52
398,CÃ´ng ViÃªn Giáº£i TrÃ­ Gladly,None,Hanoi,Basic,47,3,1,40,2
399,4DUQUE,None,United States,Pro Unlimited,200,21,4,1,2
400,Lost Frequencies ,Lost Frequencies,"Brussels, Belgium",Basic,182K,7,419,842,315
401,VÆ°Æ¡ng Phong Anh,None,VÆ°Æ¡ng Phong Anh,Basic,70,0,40,41,None
402,Ku LÃ¢m,LÃ¢m Nguyá»…n,Há»“ ChÃ­ Minh,Basic,"5,331",1,22,6,2
403,Thomiz,Tu Minh Thong,"Ho Chi Minh, Viet Nam",Pro Unlimited,"1,850","2,001",45,"9,040","3,634"
404,Cloud 5,None,Hong Son Do,Basic,752,32,8,12,170
405,Dzy,Minh Long,"Hanoi, Viet Nam",Basic,349,16,5,117,43
406,Minh Huy,Minh Huy,"HCM CITY, Viet Nam",Basic,"5,551",2,9,154,6
407,CHARLES.,Charlesnkeys,"HCM City, Viet Nam",Pro,19.7K,69,89,19,53
408,Trung GÃ£y,Trung TÃ´,"Báº¯c Giang, Viet Nam",Basic,22,5,5,30,1
409,Teddy ğŸ»,MÆ¡,"Hanoi, Viet Nam",Basic,23,22,3,"1,004",3
410,JMK,Phan Cao TrÃ­,United Kingdom,Basic,61,1,4,38,None
411,BeeBB ,Jaunty Maniacs,"HCMC, Viet Nam",Pro Unlimited,13.9K,69,222,778,217
412,Ble$Hy,Huá»³nh Tr PhÆ°á»›c,"ÄÃ  Náºµng, Viet Nam",Basic,39,4,3,51,None
413,Thanh SÆ¡n,None,SÆ¡n Thanh,Basic,4,1,2,90,None
414,Binz Da Poet,Binz Le,"Garland, United States",Basic,119K,24,41,37,2
415,zun zun,None,zun zun,Basic,17,0,2,69,None
416,"Quan, The King",None,"Hamilton, Canada",Basic,705,96,19,233,122
417,Sebastian,Riu Music,"HÃ  Ná»™i, Viet Nam",Basic,57,0,1,23,None
418,Huy Duong,Huy Duong,"Sai Gon, Viet Nam",Basic,164,3,42,49,None
419,Pixel Neko,None,duy,Basic,"8,607",82,54,267,127
420,Anji Music,None,None,Basic,404,9,20,68,None
421,Xian Ken,None,Into the mood :),Basic,"1,483",24,8,184,6
422,Hadesisme,Viá»‡t Äá»©c,"Ha Long, Viet Nam",Basic,283,3,9,303,4
423,NOT AFRAID MUSIC ,None,"Hanoi, Viet Nam",Pro Unlimited,"9,411",3,54,55,46
424,Dylan,None,"Ho Chi Minh City, Viet Nam",Basic,133,18,6,92,None
425,TH2,None,None,Basic,"1,166",151,15,332,144
426,Taynguyensound Official ,TÃ¢y NguyÃªn Sound,"Pleiku, Viet Nam",Basic,31.5K,29,29,137,37
427,InFamous.Tracy Cello,None,"Ho Chi Minh, Viet Nam",Basic,992,90,9,94,38
428,obitofanboy,None,Jonathan Tran,Basic,32,2,1,None,None
429,LÃª NguyÃªn TÃ¹ng,LÃª TÃ¹ng,Viet Nam,Basic,57,10,19,25,13
430,tÃº,19,hanoi.vok,Basic,655,147,21,442,459
431,Poo Pham,None,None,Basic,242,17,11,45,39
432,ÄÄƒng,Minhh ÄÄƒng,"Some where in the earth?, Viet Nam",Basic,122,7,7,27,16
433,iam B,Duy ChÃ¢u,"CÃ  Mau, Viet Nam",Basic,"2,635",48,49,144,49
434,Dr.Quang,Äá»— Nháº­t Quang,"Hue, Viet Nam",Basic,"4,252",101,25,165,49
435,S.O,ali Doan,HCM,Basic,"2,886",1,15,8,4
436,Bobby is a Dog,None,None,Pro Unlimited,"1,435",138,12,82,66
437,Monstercat ,None,"Vancouver, Canada",Pro Unlimited,1.07M,61,"2,935",93,None
438,Saigonbeat,LaLa Land,Ho Chi Minh,Basic,728,16,12,26,3
439,CLB VÄƒn Nghá»‡ TÄN,CLB Van Nghe TDN,"Ho Chi Minh, Viet Nam",Basic,158,2,33,20,None
440,LX âœª,QuangAnh,"HÃ  Ná»™i, Viet Nam",Basic,"2,387",5,19,81,5
441,Jay Li,Bla Bla,Viet Nam,Basic,"1,543",19,7,242,1
442,Ronniboi,None,"Melbourne, Australia",Pro,"7,432",110,59,631,37
443,He$t,Nguyen Gia Huy,"h-town, Viet Nam",Basic,161,82,1,238,82
444,Haukong.,Haukong,"á»Ÿ Ä‘Ã¢u Ä‘Ã³ phÃ­a Báº¯c ÄÃ´ng LÃ o, Viet Nam",Basic,929,31,13,243,180
445,GoAllDay - JustGo,Just Go,Viet Nam,Basic,"2,128",7,17,83,63
446,Tráº§n Trá»ng LÆ°Æ¡ng,None,LÆ°Æ¡ng Tráº§n,Basic,555,51,3,None,None
447,Clow ,VÃµ Nháº­t Nam,Viet Nam,Basic,"3,971",0,24,74,14
448,L2ShareOST24,None,None,Basic,"4,830",86,43,None,None
449,Powfu ,None,1999,Pro Unlimited,103K,325,87,742,683
450,aulakh3d,milan aulakh,"Brampton , Canada",Basic,"1,072",0,22,None,1
451,PressPlayElite,Press Play,"Indianapolis, United States",Basic,73,4,3,None,None
452,Cardi B ,Cardi B,"Bronx, United States",Pro Unlimited,718K,2,85,10,None
453,thinhe1,Thinh Hoang,Hanoi,Basic,"4,157",281,44,233,25
454,R E N,None,TP.Hue,Basic,705,218,51,416,None
455,Andy ChÃ­nh Hiá»‡u âœª,None,Andy OG,Basic,"2,039",28,14,8,40
456,Khanh LÃª,None,khanhnatsu1,Basic,74,0,5,3,None
457,vinhkhuatmusic,None,"Hanover, Germany",Basic,"8,392",22,51,8,27
458,VPOP Trending,VPOP Trending,Viet Nam,Basic,"2,720",0,41,None,None
459,Khang Nguyen,Nguyá»…n Kayden,"Memphis, United States",Basic,91,8,8,10,1
460,Thá»‹nh Suy,Thá»‹nh,"SÃ i GÃ²n, Viet Nam",Basic,52.3K,85,46,329,144
461,MrSuicideSheep ,None,None,Basic,784K,"1,996",888,"1,897",163
462,woonso,None,None,Pro Unlimited,"6,635",265,15,988,203
463,enchantcrss,None,None,Basic,"5,909",11,87,30,67
464,AdrenAline,None,None,Basic,134,10,5,6,4
465,All Vpop âœª Nháº¡c Viá»‡t Nam má»›i nháº¥t,None,None,Basic,425,0,38,None,None
466,Karma Montana,Young Karma,Viet Nam,Basic,222,24,3,44,3
467,JustDakid,None,"HÃ  Ná»™i, Viet Nam",Basic,94,16,3,80,47
468,quanganhle,None,thenormalboii,Basic,33,6,9,51,9
469,Simple Tommy ğŸ¥ƒ,Trá»ng Äá»— Duy,"Ha Noi, Viet Nam",Basic,"1,107",133,18,"1,386",272
470,CÃ¡ Há»“i Hoang ,None,Ho Chi Minh,Pro Unlimited,41.3K,5,46,33,5
471,Mr.Sad (Phong Zo),None,Phong Gia,Basic,278,0,23,7,None
472,HÃ o,Le Quoc Hao,"Ho Chi Minh, Viet Nam",Basic,"2,334",8,10,140,38
473,Zanbnoc_,Ngoc Bich,Viet Nam,Basic,373,0,16,62,None
474,VYG,None,"VinhYen, Viet Nam",Basic,191,4,4,4,7
475,Simple DeeSlowz,Nguyá»…n Duy,"Ha Noi, Viet Nam",Basic,"1,063",67,9,89,76
476,Cter-PB,None,None,Basic,15,1,6,3,None
477,dreamer.pcn,nhan,Viet Nam,Basic,387,69,16,281,20
478,MC Suy,None,None,Basic,15,2,3,16,None
479,Toosi,None,"Hanoi, Viet Nam",Basic,141,0,6,8,None
480,Anh Nguyen,Anh Nguyen,Viet Nam,Basic,115,0,19,100,2
481,Ricky Star,None,"SÃ i GÃ²n, Viet Nam",Basic,11K,438,34,187,36
482,THAISON // beatnerdz music,None,"Stuttgart, Germany",Basic,"1,315",73,41,25,9
483,The Soth,None,The Soth,Basic,82,0,11,9,None
484,TwoT â™«,None,None,Basic,35,1,7,15,None
485,Rick,None,None,Basic,"7,202",1,13,9,12
486,hexabee,â›©ï¸,"Hai Phong, Viet Nam",Pro,"2,870",14,3,139,33
487,Shino,Nguyá»…n HoÃ ng Tuáº¥n,"Há»“ ChÃ­ Minh, Viet Nam",Basic,764,72,16,5,56
488,lá»™c mai anh,None,Mai Anh Lá»™c,Basic,26,1,1,138,9
489,Peakrozes,Peak Rozes,Háº£i PhÃ²ng,Basic,"1,641",91,16,198,56
490,dnÃ© ,Ondrej Holy,Praha,Pro Unlimited,"5,172",92,8,257,18
491,Cymba,None,Chicago,Pro,"2,676",551,30,881,872
492,vovanduckhung,None,Viet Nam,Basic,18K,32,10,59,12
493,Juan RIOS ,None,"Sevilla, Spain",Pro,28.3K,618,47,"4,952","1,406"
494,Hyuu,huy ho,"Ben Tre, Viet Nam",Basic,629,8,18,27,56
495,Tuyet Phuong,None,NTP TikTok TikTok,Basic,13,0,7,2,None
496,EnderLazer,None,Lazer Ender,Basic,523,0,9,70,31
497,ÄoÃ n TÃ¹ng DÆ°Æ¡ng,None,DÆ°Æ¡ng ÄoÃ n,Basic,14,2,11,11,5
498,Key BCTM,None,NhÃ¢n HoÃ ng,Basic,"2,391",1,17,61,15
499,slushii ,Julian Scanlan,LA to Tokyo,Basic,297K,42,131,"1,340",63
500,Right,None,Viet Nam,Basic,"5,125",38,16,87,31
501,ğ™šğ™£ğ™©ğ™šğ™£ğ™¢ğ™ğ™£ğ™¯ğ™š,None,DucK MinT,Basic,15,0,1,7,1
502,Get Highhh - Youtube,None,None,Basic,109,0,4,2,None
503,Äáº¡t G Official,Nguyá»…n Táº¥n Äáº¡t,"Ho Chi Minh, Viet Nam",Basic,"2,583",0,3,None,None
504,Huá»³nh Gia Huy,None,Huy Huá»³nh Gia,Basic,107,2,10,12,None
505,Diá»‡p Trinh Chu,None,Chu Diá»‡p,Basic,175,0,20,9,None
506,Ujiyeay,None,None,Basic,12,9,1,27,7
507,ã‚±ãƒ“ãƒ³ã•ã‚“,Kevin Rianto,Indonesia,Basic,"6,312",38,36,36,2
508,Tue Anh Nguyen,None,Tue Anh Nguyen,Basic,69,34,1,19,None
509,dá»n,None,"Ha Noi, Viet Nam",Basic,195,14,4,361,28
510,Nam LÃª,None,None,Basic,29,5,1,30,None
511,Khoa VÅ©,None,"Las Vegas, United States",Pro Unlimited,"9,833",214,92,329,64
512,alyshed,Nhung LÃª Tráº§n Cáº©m,"Quang Tri, Viet Nam",Basic,29,37,22,177,17
513,ToilaRiah,CÃ´ng Nháº­t Tráº§n,"Thá»«a ThiÃªn Huáº¿, Viet Nam",Basic,64,46,19,354,7
514,trungphamvanonly.,Trung Pham Van,"Hai Duong City, Viet Nam",Basic,6,12,2,16,None
515,Quang VÅ©,None,VÅ© Quang,Basic,7,2,2,23,None
516,[DCOD] PTA,Pháº¡m Tuáº¥n Anh,"BÃ¬nh Äá»‹nh, Viet Nam",Basic,757,907,37,"3,009",96
517,WinK lÃ  tui,None,Khoa Nguyen,Basic,"1,937",148,29,105,47
518,Vm CÆ°á»ng,None,Vm CÆ°á»ng,Basic,89,137,4,281,8
519,Quang Hung,B,United States,Basic,77,41,6,417,21
520,KHA ,None,AnGiang,Basic,23K,37,8,6,10
521,PhuTure,None,Viet Nam,Basic,117,25,4,26,91
522,Dot.,Long Táº¡,"Taiwan, Province of China",Basic,28,2,2,5,None
523,Milley Ragnvindr,None,Joyce Joestar,Basic,127,1,5,178,1
524,Trang Huyá»n,Trang Huyá»n,"Vinh City, Viet Nam",Basic,15,0,3,183,7
525,Minh Äinh,wingsri,"Hanoi, Viet Nam",Basic,10.4K,73,15,123,19
526,Dan,Äan Nguyá»…n VÅ©,Viet Nam,Basic,15,1,1,1,3
527,HUSTLANG Máº«n,None,None,Basic,915,105,12,91,46
528,STeebeatz,None,"Tráº£ng Bom, Viet Nam",Basic,"2,839",369,7,900,467
529,Luxuyen. ,XuyÃªn ÄoÃ n VÄ©nh Nguyá»…n,HÃ  Ná»™i - SÃ i GÃ²n - Long XuyÃªn,Basic,"4,876",140,42,529,529
530,anhyeuemnhieu,None,None,Basic,"1,173",70,11,45,1
531,x_xtrinhan,None,Viet Nam,Basic,161,53,9,446,51
532,Ninh Ngoc Ngo,Ninh NÃ¨,"Florida, United States",Basic,82,161,13,479,15
533,Shaun,Duc Son.,"Ha Loi, Viet Nam",Basic,902,51,7,406,22
534,Hugh P,None,"Sydney, Australia",Basic,177,159,1,1,None
535,L2Shareâ™«103,None,None,Basic,"5,455",1,39,None,None
536,MÃ£ Tá»™c 3,None,None,Basic,73,4,24,None,None
537,Â¯\_(ãƒ„)_/Â¯,None,None,Basic,632,5,18,5,None
538,TÄƒng Duy TÃ¢n,TÄƒng Duy TÃ¢n Official,"Ho Chi Minh, Viet Nam",Basic,"3,943",2,16,14,5
539,Lynk_Lee ,Lynk Lee,"thÃ nh phá»‘ Há»“ ChÃ­ Minh, Viet Nam",Basic,14.6K,1,95,1,3
540,Mr.Nguyen,nguyen huy,"unknow, Viet Nam",Basic,48,48,6,136,1
541,Kaka Mi,None,Kaka Mi,Basic,51,1,10,6,None
542,DtryppÂ®,Bao Duy,"Hanoi - VietNam, Viet Nam",Basic,315,49,9,219,38
543,HATSaigon,Anh Tuáº¥n HÃ ,"Sai Gon, Viet Nam",Pro Unlimited,12.3K,32,18,None,None
544,Dan,None,"Hanoi, Viet Nam",Basic,973,17,39,9,3
545,THINHHO,None,#BASS6,Basic,225,230,1,92,37
546,me,None,None,Basic,41,23,3,790,6
547,Rahman's Diary,None,None,Basic,10,1,3,3,None
548,Spinnin' Records ,None,Spinnin' Records,Pro Unlimited,1.72M,124,"3,132",450,23
549,Bigman N,nooas 8,Finland,Basic,252,5,57,764,113
550,Lil Keed ,Lil Keed,Atlanta,Basic,145K,0,99,5,1
551,TRIGGAAAAA,TRIG,"TEXAS, United States",Basic,133,71,6,725,11
552,Hieuz â™ª ,H2 Entertainment,Viet Nam,Basic,"2,761",0,29,34,32
553,Melody,None,PÃ² Po,Basic,41,5,2,62,2
554,All Vpop âœª Nháº¡c Viá»‡t Nam má»›i nháº¥t,None,None,Basic,777,0,20,None,None
555,Ruulye Huá»³nh Huá»³nh,None,Ruulye Huá»³nh Huá»³nh,Basic,14,26,1,23,None
556,LÃª Thanh Phong,None,Phong LÃª Thanh,Basic,231,69,14,49,2
557,Pháº¡m Long,Long Pháº¡m,Viet Nam,Basic,110,569,6,"1,122",61
558,DatManiac,Äáº¡t Giáº£i Nháº¥t,"Ho Chi Minh ,Sai Gon, Viet Nam",Basic,31.9K,15,27,46,13
559,BVNG,None,imdannokay,Basic,"2,784",17,13,39,8
560,mnhien,Minh Hien,"Ho Chi Minh, Viet Nam",Basic,55,11,2,126,9
561,MÃ¬ TÃ´m Trá»©ng,None,"Tiá»ƒuVÆ°Æ¡ngQuá»‘cThanhHÃ³aThá»‘ngNháº¥t, Italy",Basic,153,27,5,229,7
562,Phong Ngá»§ YÃªn,Nguyá»…n Tuáº¥n Phong,"Ha Noi, Viet Nam",Basic,"5,718",82,9,98,18
563,LYLY's songs and covers,None,"Hanoi, Viet Nam",Basic,532,0,26,None,None
564,UMIE âœª,Uyá»ƒn My,Viet Nam,Basic,"1,600",3,53,41,9
565,Mint Nguyen,None,"Ho Chi Minh City, Viet Nam",Basic,93,0,46,None,None
566,ğ“—ğ“²ğ“®Ì£Ì‚ğ“¹ ğ“Ÿğ“±ğ“ªÌ£ğ“¶,Oni King,"Nam Äá»‹nh, Viet Nam",Basic,"1,759",411,19,248,3
567,Lucin3x,Dat Nguyen,Yen Bai / Ha Noi,Pro Unlimited,14K,53,10,592,165
568,G A N G $,Rap 4Life,"Ho Chi Minh, Viet Nam",Basic,274,1,13,12,None
569,Viet.is.me.,None,"Ha Noi, Viet Nam",Basic,389,54,7,88,1
570,Gin,An Nguyá»…n,"PhÃºc YÃªn, Viet Nam",Basic,368,1,44,7,35
571,Phuc Duong,None,"NewYork, United States",Basic,"1,000",14,7,18,11
572,Bon,None,Gia KhÃ¡nh Äá»—,Basic,139,4,7,6,None
573,HuynhPhucLinh,Huynh Linh,"Vietnam, Viet Nam",Basic,58,0,30,None,None
574,haicauco,Cá»“ Háº£i,Viet Nam,Basic,"1,163",3,8,77,8
575,â™ª LUPIN â™«,None,Viet Nam,Basic,56,130,7,16,None
576,Rum ,Rum,"Hue, Viet Nam",Basic,"9,585",29,12,48,6
577,linhkhanhsdtq04,None,linhkhanhsdtq04,Basic,20,0,1,None,None
578,All Vpop âœª Nháº¡c Viá»‡t Nam má»›i nháº¥t,None,None,Basic,244,0,36,None,None
579,NguyenThuVy,None,None,Basic,235,0,17,17,None
580,PhÃ¡t Kim,None,PhÃ¡t Kim,Basic,338,0,11,49,None
581,vY 25,None,Viet Nam,Basic,329,55,9,144,7
582,Tuan Ngoc,None,Tuan Ngoc,Basic,87,33,18,588,5
583,Diggory,None,"Da Nang, Viet Nam",Basic,255,20,4,163,2
584,Ngá»c Ank,None,ÃŠnk Ngá»k,Basic,19,76,8,335,None
585,YC ,None,"Hanoi, Viet Nam",Pro Unlimited,125K,47,74,"1,077",25
586,Angel Beats,None,None,Basic,194,52,13,734,4
587,Musa,None,None,Pro,"3,620",92,16,"1,230",54
588,BANANA âœª ,Chuá»‘i TÃ¢y,"Sai Gon, Viet Nam",Basic,130K,602,80,72,262
589,Jacob Waller Edits,Jacob Waller,"Melbourne, Australia",Basic,"5,066",3,6,2,8
590,Dj IsI,Dj IsI,"Satu Mare, Romania",Basic,"6,155",152,40,16,24
591,SONBEAT ,None,Viet Nam,Pro Unlimited,23.5K,15,40,"1,127",195
592,conboyeulanh,None,Alex Le,Basic,84,31,5,7,None
593,Báº£o Báº£o,None,Báº£o Báº£o,Basic,97,0,21,14,None
594,BimNg,None,Original,Basic,893,129,19,586,253
595,ÄoÃ n HoÃ n,None,HoÃ n ÄoÃ n,Basic,115,1,4,2,None
596,vuongtuyet,VÆ°Æ¡ng Tuyáº¿t,"HCM, Viet Nam",Basic,19,0,13,None,None
597,Da Sac,Sac Da,Ha Noi,Basic,10.5K,4,12,19,2
598,Lammm,None,None,Basic,73,7,1,32,9
599,16 NorthSide,Hai Phong,"Háº£i PhÃ²ng, Viet Nam",Basic,"9,473",5,25,23,1
600,Lolypansy,~ ~,Viet Nam,Basic,211,7,1,23,None
601,Lyko Le,None,Lyko Le,Basic,19,2,1,1,1
602,J.Kapp_yazz101,None,None,Basic,62,12,3,169,None
603,the girl next door ,None,None,Pro Unlimited,27.3K,"1,806",290,10.7K,"5,261"
604,BlankCh3ck,Melody Records,"stockton, United States",Pro Unlimited,597,1,32,10,8
605,c0mplex,Nguyá»…n Äá»— Minh HoÃ ng,"HÃ²a BÃ¬nh, Viet Nam",Basic,86,35,12,110,5
606,Niz14,None,TrÆ°á»ng Thá»‹nh Nguyá»…n LÃª,Basic,"3,721",0,10,36,9
607,HoÃ ng VÅ© TV ä¹æ›²,None,VHV MUSIC,Basic,"2,699",0,40,53,30
608,LouG âœª,Winle,"ÄÃ  Náºµng, Viet Nam",Basic,"3,263",3,7,64,28
609,VRT ,None,"Ho Chi Minh, Viet Nam",Pro Unlimited,"2,467",17,24,260,159
610,TÃ¹ng LÃ¢m,None,LÃ¢m TÃ¹ng,Basic,6,0,1,1,None
611,NgÃ´ Lan HÆ°Æ¡ng,None,None,Basic,"9,130",0,32,None,None
612,Ngá»c HÃ¹ng,None,HÃ¹ng Ngá»c,Basic,192,2,9,25,1
613,Binz Da Poet âœª,Dan Le,"Saigon, Viet Nam",Basic,19.8K,10,3,23,7
614,yunbray,Tran Bao,"Los Angeles, United States",Basic,60.5K,3,36,11,3
615,notmaxz,None,Viet Nam,Basic,104,264,35,333,59
616,K-ICM,None,"Há»“ ChÃ­ Minh, Viet Nam",Basic,466,0,8,None,None
617,Dáº¡y pha cháº¿ Ã Ã‚u,None,"Ho Chi Minh City, Viet Nam",Basic,11,3,3,4,None
618,Äáº¡o ÄÃºng Äáº¯n,None,Äáº¡o ÄÃºng Äáº¯n,Basic,23,3,25,3,1
619,Mie,None,Ngaa,Basic,"1,727",53,7,260,21
620,RUNAGROUND ,Andrew Kirk,Nashville,Pro Unlimited,20K,50,61,47,40
621,Liam,Quá»‘c Äáº¡t,Há»“ ChÃ­ Minh,Basic,"1,593",0,14,105,18
622,ğ——ğ— ğ—”ğ—Ÿğ—˜ğ—«,Nguyá»…n Duy PhÆ°Æ¡ng,"Bien Hoa, Viet Nam",Basic,311,"1,919",10,"1,480",774
623,Huy Nguyá»…n,None,None,Basic,519,130,30,59,None
624,151,151 Nightguards,"Hanoi, Viet Nam",Basic,"3,201",1,9,21,2
625,Long Nguyá»…n,None,Fan cris28/1,Basic,753,1,18,25,5
626,Hwungg ğŸ¥€,ÄÃ m'ss HÆ°ng's,"VÄ©nh PhÃºc, Viet Nam",Basic,204,0,2,45,1
627,Hoang Anh,Hoang Anh,"<3, Viet Nam",Basic,79,3,4,265,1
628,ğš‘ğšğš ğš—ğš,HÆ°ng VÅ©,"hanoi, Viet Nam",Basic,597,0,11,167,5
629,Háº£i LÃ¢m,None,LÃ¢m Háº£i,Basic,46,4,1,2,10
630,OWLSOUL âœª,None,"Saigon, Viet Nam",Basic,336,12,27,459,28
631,Music Station,Äá»©c Pháº¡m Minh,"PhÃº Thá», Viet Nam",Basic,16,49,15,190,22
632,XÃ¡m.,Nguyá»…n Minh PhÃºc,"H a N o i, Viet Nam",Basic,"1,664",100,37,165,136
633,VeeTee,Tee,Bien Hoa.,Basic,502,2,55,95,7
634,Skk4p`,None,"SÃ i GÃ²n,VihnLonq, Viet Nam",Basic,167,28,18,59,21
635,Mclovin,None,Táº¥n Vá»¹,Basic,145,2,8,16,1
636,DARLING,None,"Háº¡ long and HÃ  ná»™i, Viet Nam",Basic,834,13,12,21,59
637,L2Shareâ™«141,None,None,Basic,"3,169",92,34,None,None
638,L2Shareâ™«80,None,None,Basic,"9,579",2,38,None,1
639,L2Shareâ™«130,None,None,Basic,"3,958",2,45,None,None
640,bis238,lÃª hoÃ ng,"Ha Noi, Viet Nam",Basic,124,2,8,1,2
641,haha,None,MÃ¬nh TÃªn QuÃ½,Basic,71,0,9,14,None
642,HÃ o BÃ¬nh ThÆ°á»ngg,None,ThÆ°á»ngg HÃ o,Basic,80,5,2,21,1
643,MAX ,Max Schneider,"New York , United States",Pro Unlimited,95.9K,122,104,82,17
644,ROYMAKESMUSIC,Roy Cramer,United States,Basic,852,29,49,53,32
645,Nguyá»…n Táº¥n Äáº¡t,None,Äáº¡t Nguyá»…n Táº¥n,Basic,"2,796",4,5,97,30
646,Cá»§ Nghá»‡,Na Xanh,ÄÃ  Láº¡t,Basic,730,30,9,200,184
647,Karik,Pháº¡m HoÃ ng Khoa,"HCM, Viet Nam",Basic,12.4K,25,11,8,3
648,Wikin â™«,Phan HoÃ ng Anh Tuáº¥n,"SÃ i GÃ²n, Viet Nam",Basic,"4,158",23,16,23,76
649,Phong Háº£i Nguyá»…n,None,Phong Nguyá»…n,Basic,243,13,12,95,1
650,KORIN,None,Viet Nam,Basic,192,5,18,74,38
651,JustaTee,Jay Tee,"Ha Noi City, Viet Nam",Basic,62.2K,21,52,7,5
652,â’·ÉªÉ´_ÊœÊ™ğŸ…½,Ho Bao Ngoc,"Vinh, Viet Nam",Basic,591,103,2,83,29
653,Forte Cloud,None,"Houston Tx, United States",Pro Unlimited,"1,566",458,55,514,36
654,jeremy zucker ,None,None,Pro Unlimited,105K,335,124,701,88
655,jadu jadu ,None,"sydney, australia",Pro,"2,824",0,68,None,None
656,PETIT BISCUIT ,None,France,Pro Unlimited,251K,13,87,488,31
657,Rap Viá»‡t tá»•ng há»£p,None,tá»•ng há»£p Rap Viá»‡t,Basic,415,1,7,3,None
658,Tá»•ng Há»£p Rap Viá»‡t P3,None,Tá»•ng Há»£p Rap Viá»‡t P3,Basic,120,0,1,None,None
659,Mad Decent ,maddecent.com,"Los Angeles, United States",Pro Unlimited,6.01M,215,853,222,467
660,Diplo ,diplo,"Philadelphia, United States",Pro Unlimited,7.1M,"1,148",524,646,97
661,ftp16,None,None,Basic,49,26,1,21,None
662,playgroundfestival,Jason Thompson,"Irvine, CA, United States",Basic,68,43,2,7,None
663,The Olive,Nick,"Macungie, United States",Basic,77,148,14,642,29
664,Soulja Boy ,Soulja Boy Tell 'Em,"Atlanta, United States",Pro Unlimited,91.2K,1,457,509,38
665,Diá»‡u LÃª,None,Diá»‡u LÃª,Basic,359,5,2,429,None
666,zXm.,zamzam wasim,United Arab Emirates,Basic,134,6,7,91,32
667,KayC,Nguyá»…n Duy KhÃ´i,"HÃ  Ná»™i, Viet Nam",Basic,"2,755",40,16,148,195
668,mix199 Official,None,mix199 Official,Basic,498,0,4,7,None
669,Sadboizinthesadworld,None,"HÃ  Ná»™i, Viet Nam",Basic,255,0,2,197,2
670,Trá»‹nh CÃ´ng Äan,None,None,Basic,409,9,31,95,13
671,DJ TÃ¹ng Tee - Deep Viá»‡t,DJ TÃ¹ng Tee - ChuyÃªn Deep Viá»‡t 2021 Tuyá»ƒn Chá»n,"HÃ  Ná»™i, Viet Nam",Basic,"5,234",5,16,155,17
672,JUNIE,JUNIE,Viet Nam,Basic,132,2,4,24,3
673,Yuo Blue Mold,None,Yuchan Bangtan,Basic,8,2,4,12,1
674,Huy BÃ¡ch,Huy BÃ¡ch,Viet Nam,Basic,923,0,24,45,None
675,Dreamble,Dreamble,"@DaLat & Saigon, Viet Nam",Pro Unlimited,987,5,9,3,None
676,UNK-Team,None,UNKNOWN Team,Basic,"2,219",136,33,67,10
677,Fantom Beats (fantombeats.com),Fantom,Beats & Instrumentals,Pro Unlimited,"2,142",419,197,116,33
678,gbr.cain_,Quang Anh Nguyá»…n,"H town, Viet Nam",Basic,207,187,3,450,62
679,mr.pickle,Pháº¡m Thá»,"Ninh BÃ¬nh, Viet Nam",Basic,38,2,17,46,25
680,SkylerH0t,None,None,Basic,988,7,46,None,None
681,W/n,None,None,Basic,12.2K,2,6,7,2
682,acyakatt,Undentified Noone,"Ho chi minh, Viet Nam",Pro Unlimited,12.1K,269,57,23,4
683,DJ THIEN AN,ÄoÃ n HoÃ i,"HO CHI MINH, Viet Nam",Basic,40,0,32,2,None
684,boy in da hood,None,"HÃ  Ná»™i, Viet Nam",Basic,53,6,4,12,6
685,ğ“µğ“²ğ“¾ ğ“°ğ“»ğ“ªğ“¬ğ“®,None,be nhi 123,Basic,"6,324",110,13,616,208
686,NhatPamâ˜‘ï¸,None,Nháº­t Pháº¡m,Basic,158,2,3,128,27
687,Nguyen An Blog,Nguyen An,"ho chi minh, Viet Nam",Basic,37,0,3,None,None
688,Lewis,None,None,Basic,6,0,1,1,None
689,Kevin ChÃ¢u,Kevin ChÃ¢u,"Há»“ ChÃ­ Minh, Viet Nam",Basic,20,2,34,34,None
690,ToÃ n Pháº¡m,Pháº¡m ToÃ n,"Pleiku, Viet Nam",Basic,35,16,7,23,3
691,HYE SUNG ,í˜œì„±,"Seoul, Republic of Korea",Basic,16.4K,426,17,"4,877",16
692,Touliver ,None,None,Pro Unlimited,170K,68,181,None,9
693,ã…¤,None,None,Basic,154,6,10,22,7
694,audrey,tommy nguyen,"Da Lat, Viet Nam",Basic,31,0,16,44,14
695,Part Time Musicians,Part Time Musicians,"Bangkok, Thailand",Basic,"3,046",0,6,None,None
696,Thiti Similikiti å³å—æ´¥,None,Thiti Similikiti,Basic,242,0,45,1,2
697,Ñ‚Ğ½Ã¹Ñƒ âˆ‚Ï…ÑƒÃªĞ¸,None,DuyÃªn Nguyá»…n ThÃ¹y,Basic,63,0,43,139,4
698,BÃ¹i HÆ°Æ¡ng,None,BÃ¹i HÆ°Æ¡ng,Basic,27,137,1,310,7
699,bel,None,None,Basic,562,0,11,41,5
700,NCK ,Nick Ireland,United States,Basic,"9,521",0,9,9,None
701,Oliver Tree ,None,None,Pro Unlimited,194K,4,46,53,72
702,D3Af,Daniele Fumagalli,"Bosisio Parini, Italy",Basic,646,41,1,15,21
703,QaTh153âœª,Quá»‘canh ÄÃ o,"Háº¡ Long, Viet Nam",Basic,210,1,13,107,4
704,PhÃº QuÃ­,PhÃº QuÃ­,Binh Duong,Basic,764,1,21,138,35
705,DÅ¨NG ZEST,None,DÅ©ng Nguyá»…n,Basic,563,31,6,51,12
706,ChÃ¢u DÆ°Æ¡ng,Chloe Duong,"Hanoi, Viet Nam",Basic,"5,942",37,10,109,85
707,EDM Top VietNamğŸ˜˜,None,None,Basic,"2,755",0,34,None,None
708,tuananh,None,tuan anh,Basic,300,5,2,5,1
709,PhÃºc TrÆ°Æ¡ng,PhÃºc TrÆ°Æ¡ng,Viet Nam,Basic,94,0,2,242,None
710,snming,None,m ng,Basic,155,20,16,5,7
711,"duy,",duy mai,"Hanoi, Viet Nam",Basic,72,1,26,48,None
712,Startoks,None,None,Basic,907,0,18,None,None
713,Hyarways,Hyarways Hyarways,"Lofi Mix, Viet Nam",Basic,185,0,20,21,4
714,marco.,Huá»³nh ThÃ nh Lá»£i,"Bac Lieu, Viet Nam",Basic,49,28,5,22,7
715,Jungo1995,None,Nguyá»…n ThÃ nh,Basic,23,0,9,2,None
716,yafu,None,ÄÃ  Láº¡t,Pro Unlimited,"2,878",9,7,239,11
717,Chi,Chi Linh,"Háº£i PhÃ²ng, Viet Nam",Basic,70,2,6,192,14
718,Nguyá»…n Hiáº¿u,None,Hiáº¿u Nguyá»…n,Basic,60,0,2,2,None
719,Toddy TÆ°á»ng,None,TÆ°á»ng Toddy,Basic,432,2,8,69,4
720,Pjoy,Nguyen Hoang Phuc,"Phu Yen, Viet Nam",Basic,"3,209",1,2,7,6
721,haizzle,None,None,Basic,197,9,3,87,3
722,Quá»³nhh Giangg,Giangg Quá»³nhh,"Hanoi, Viet Nam",Basic,213,3,34,63,2
723,Norabeom,Chi Nguyen,"Houston, United States",Basic,161,8,35,4,None
724,ë§ˆì´ Mai,Mio Junior,Ha Noi,Basic,"1,927",1,12,7,6
725,ADV Kidz,None,"Thai Nguyen City, Viet Nam",Basic,216,11,3,36,4
726,Hiá»n Sáº¿n,Minh Hiá»n Äáº·ng,"ho chi minh, Viet Nam",Basic,77,3,4,10,4
727,Young Music VN,Music Young,Ho Chi Minh,Basic,"1,070",14,40,5,None
728,vieclamdaubepvn,Viá»‡c LÃ m Äáº§u Báº¿p,"Ho Chi Minh, Viet Nam",Basic,139,0,7,6,None
729,NHA ,Nguyá»…n HoÃ ng An,"Há»‘c MÃ´n, Viet Nam",Basic,57.7K,0,63,83,26
730,HÃ’ANG TRá»ŒNG,None,HoÃ ng Trá»ng,Basic,27,38,46,14,2
731,HoÃ ng Anh KhÃ´ng TrÃ  Xanh,Anh HoÃ ng,Ninh BÃ¬nh,Basic,810,26,38,34,25
732,VAT,ChiPÆ¡ Pii,"ViÌƒnh Long, Viet Nam",Basic,389,468,50,41,30
733,MÃ‚Y,@thestoyofcloud,"HCM, Viet Nam",Basic,"1,680",6,21,54,65
734,Changg,Nguyá»…n Huyá»n Trang,"BÃ¬nh Äá»‹nh, Viet Nam",Basic,"3,367",50,37,186,76
735,Boy Nolan,Long Nguyá»…n,Viet Nam,Basic,146,1,12,41,None
736,Haru No Hana,Haru No Hana,Japan,Basic,175,11,23,256,17
737,lamkhanh,None,LÃ¢m KhÃ¡nh,Basic,27,5,2,95,None
738,Nguyá»…n ChÃ­ Minh,None,Nguyá»…n ChÃ­ Minh,Basic,123,12,14,67,5
739,Binh An,Khac Viet - Son Tung MTP,Viet Nam,Basic,57,0,35,None,None
740,OfficialTonyTK ,Vo Trung Kien,"Saigon, Viet Nam",Pro Unlimited,"5,546",1,50,23,4
741,HieuBatTu,None,VÆ°Æ¡ng Hiáº¿u,Basic,10,0,5,40,2
742,L A K E,Há»“ Äá»©c Anh,"Hanoi, Viet Nam",Basic,"2,190",71,12,144,15
743,177 9 12 20,None,hcm,Basic,180,72,19,296,27
744,Nguyá»…n Sam,None,Nguyá»…n Sam,Basic,219,0,6,None,None
745,R3HAB ,Fadil El Ghoul,"Amsterdam, Netherlands",Pro Unlimited,3.9M,3,593,831,108
746,Trap Kingdom,None,"London, United Kingdom",Basic,"5,467",43,42,236,50
747,VN Music Share,VN Music Share,"ha noi, Viet Nam",Basic,92,35,22,72,5
748,ATOM,Äáº·ng Hiá»‡p,"Ha Noi, Viet Nam",Pro Unlimited,"7,024",63,61,267,None
749,Windia525,None,None,Basic,43,8,17,44,5
750,kid travis ,Official SoundCloud,"Philadelphia, United States",Pro Unlimited,22.2K,467,134,140,86
751,J Lisk,None,"San Diego, United States",Pro Unlimited,"5,078",4,24,507,43
752,Finding Hope ,Ashton,"San Antonio TX, United States",Pro Unlimited,47.5K,678,39,"1,599",None
753,KRONO ,KRONO,"Paris, France",Basic,72.1K,0,79,1,50
754,Shawn Wasabi ,Shawn Serrano,Los Angeles,Basic,130K,605,33,"1,053",114
755,hthao,None,Tháº£o Nguyá»…n,Basic,108,5,1,35,None
756,90's,None,None,Basic,58,0,24,None,None
757,Äinh Há»“ng SÆ¡n (CharangBean),NgÃ¡o Cáº§n Tv,"SÆ¡n La, Viet Nam",Basic,19,0,4,30,7
758,989,Anh Nguyen,Czech Republic,Basic,33,0,21,26,None
759,Nyctophilia,by Haustek Agency,Hanoi,Pro Unlimited,"2,485",101,372,125,78
760,TÃ™A ,Quynh Nhu Tran,"Sai Gon, Viet Nam",Pro Unlimited,"5,356",8,9,166,2
761,huangf,None,None,Basic,27,1,2,3,None
762,Soobin.ss,None,Viet Nam,Basic,17.6K,25,29,122,2
763,Yanbi Minh VÅ©,TÃ´ Minh VÅ©,Ha Noi,Basic,11.1K,40,33,64,5
764,BÅ©m Aka,None,SÃ i GÃ²n,Basic,941,106,38,65,7
765,Chris_Brown ,Chris Brown,"New York City, United States",Basic,6.29M,0,578,None,None
766,Def Jam Recordings ,None,"New York, United States",Pro Unlimited,8.5M,52,76,247,5
767,SpaceSpeakers,None,Viet Nam,Basic,11.6K,2,9,None,None
768,BigDaddy,None,Big Daddy,Basic,27.6K,13,17,17,4
769,Andree Bui,None,Andree Bui,Basic,30.2K,4,18,4,2
770,MR.T,None,Ha Noi,Basic,10.8K,10,23,83,16
771,Rapsoul,QuÃ¢n Rapsoul,Viet Nam,Basic,605,4,12,6,2
772,AnilystMusic,Anilyst,"Hollywood, CA, United States",Pro Unlimited,"9,135",0,88,4,None
773,Nguyen Van Linh,None,Linh Nguyen Van,Basic,137,20,21,59,14
774,Its Lee,ÄÃ m Viá»‡t ThÃ nh,"HÃ  Ná»™i, Viet Nam",Basic,"5,917",42,24,48,15
775,BobbieVir,Bobbie Bá»¥ Báº«m,Ha Noi,Basic,"1,988",4,38,5,1
776,T-Akayz,TÃ¹ng T-Akayz,"Ha Noi, Viet Nam",Basic,"4,347",0,30,12,1
777,Lil' Knight,None,"Hanoi, Viet Nam",Basic,19.9K,13,25,None,2
778,Ling,Outsider,"SAIGON, Viet Nam",Basic,"9,164",90,13,38,12
779,Tráº§n VÄ©nh Khon,Z2K Entertainment,CÃ  Mau,Basic,19,1,30,27,104
780,x2B,VÆ°u Báº£o,HCM,Basic,35,231,7,436,84
781,DC Clownz,Dc Clownz,"Berlin, Germany",Basic,472,97,65,40,289
782,ThÃ´ng ÄiÃªn,Bay Máº¥t TÃ n Tro,"Thai Binh , Viet Nam",Basic,36,134,29,783,27
783,R,DÆ°Æ¡ng Minh,"Ho Chi Minh City, Viet Nam",Basic,40,9,46,71,7
784,Trung Mono,None,Trung Mono,Basic,303,79,6,13,6
785,user961811461,None,None,Basic,27,0,2,None,None
786,AviciiOfficial ,Avicii Official,Los Angeles / Stockholm,Basic,1.92M,0,287,None,None
787,silverc.rapper,None,"Paris, France",Pro Unlimited,"3,476",27,30,28,5
788,Gia Phong,Hieu Nguyen Ngoc,"Da Lat, Viet Nam",Basic,72,149,14,180,3
789,Jc HÆ°ng,None,HCM,Basic,"1,942",5,2,4,None
790,Tuáº¥n Phong (BÃ£o),Phong Äáº·ng Tuáº¥n,Ha Noi,Basic,"3,710",39,19,40,19
791,Rapzilla ,None,"Rapzilla.com, United States",Pro Unlimited,106K,0,12.2K,7,108
792,alexmetric ,Alex Metric,London,Basic,85.6K,2,102,11,18
793,Zeds Dead ,Zeds Dead,"Toronto, Canada",Pro Unlimited,6.01M,189,269,80,6
794,Ã‚y Piiiiiiiiiiii,ÄÃ o Anh PhÆ°Æ¡ng,"Háº¡ Long, Viet Nam",Basic,55,83,29,86,2
795,Zayn,ZAYN,"Karachi, Pakistan",Basic,"1,304",0,5,5,None
796,NHPEntertainment,None,"Ho Chi minh, Viet Nam",Basic,197,10,26,1,None
797,PhÆ°Æ¡ng BÃ´'ng,None,PhÆ°Æ¡ng BÃ´'ng,Basic,16,3,2,7,None
798,OWSLA ,OWSLA,The Mothership,Basic,3.65M,295,495,58,12
799,DigThisBeat,Lars Miller,"Lowell, United States",Basic,112,819,7,"2,941",46
800,Figure ,Figure,United States,Pro Unlimited,215K,4,305,98,503
801,JasonDerulo ,Jason Derulo,"Miami , United States",Pro Unlimited,1.09M,1,217,1,None
802,FuK,None,Phuc Pham,Basic,16,58,3,None,None
803,TÃ¹ng Pháº¡m 19,None,TÃ¹ng Pháº¡m,Basic,17,9,1,25,None
804,hiphopboyvns4,Dang Anh Duc,"Hanoi, Viet Nam",Basic,56,44,26,53,2
805,dek_af,None,None,Basic,4,14,5,8,None
806,Triple D,None,None,Pro Unlimited,34.8K,179,23,33,15
807,LEG,Nguyen Viet Anh,"Ha Noi, Viet Nam",Basic,"7,068",6,52,3,3
808,HÆ°ng SiÃªu NhÃ¢n,None,HÆ°ng SiÃªu NhÃ¢n,Basic,83,90,8,57,13
809,user8712513,None,None,Basic,16,0,2,None,None
810,DJ Carnage ,Gordo,ASOC,Pro Unlimited,608K,86,118,84,97
811,ThÃ¡i Pháº¡m ÄÃ¬nh VÅ©,None,ThÃ¡i VÅ©,Basic,"5,360",1,14,20,None
812,4B ,DJ 4B,Jersey,Pro Unlimited,134K,676,95,542,314
813,Karik,Pham Hoang Khoa,"Tp HCM city, Viet Nam",Basic,17.3K,4,31,1,None
814,Lee Ngá»c,None,LÃª Ngá»c,Basic,18,21,7,21,9
815,Huyá»n Äá»“,Huyá»n Äá»“,"Ba Ria - Vung Tau, Viet Nam",Basic,7,23,24,8,2
816,SouthGanZ,SG Entertainment,"Saigon, Viet Nam",Basic,"3,377",5,27,None,1
817,Kansensei,kan,"Vancouver, Canada",Basic,"2,731",3,54,154,37
818,Lil knight,None,Hung Nguyen,Basic,"6,811",19,6,6,2
819,Matoma ,None,"Trondheim , Norway",Pro Unlimited,280K,242,141,315,206
820,Roche Musique ,None,"Paris, France",Pro Unlimited,62.1K,599,209,738,55
821,LÃª Namâ„¢,MOB,"Há»“ ChÃ­ Minh, Viet Nam",Basic,71,4,29,4,2
822,Rik GudBoi,Rik GudBoi,Ha Noi,Basic,"3,864",45,48,17,35
823,darapclub,Rap Club,"Hanoi, Viet Nam",Basic,136,2,27,5,None
824,Tung Nguyen 13,None,Tung Nguyen,Basic,206,96,5,33,5
825,Khoa HÃ GÃ²n,KraziNoyze Khoa Nguyá»…n,"Saigon, Viet Nam",Basic,"7,771",133,15,27,62
826,Painmc,None,Adrian Rodgers,Basic,"1,394",99,34,39,63
827,Kenji Tráº§n Nguyá»…n,Kenji Tráº§n Nguyá»…n,"Saigon, Viet Nam",Basic,241,5,8,13,19
828,VanhLegg,None,None,Basic,"5,266",4,23,None,None
829,GG$ 2Real,ÄÄƒng Phan,"Santa Ana, United States",Pro Unlimited,"3,743",71,59,470,128
830,Skrillex ,Sonny Moore,"Los Angeles, United States",Pro Unlimited,6.49M,95,110,14,9
831,The Wind [AVN],The Wind,HÃ  Ná»™i,Basic,"4,052",6,11,7,15
832,Tran The Ngoc,Tran The Ngoc,Ha Noi,Basic,302,1,12,22,4
833,NhÃ­m Stone,DUY DUC NGUYEN,"London, United Kingdom",Basic,"1,524",39,86,187,4
834,ty_thegunner,ty dang,"da nang, Viet Nam",Basic,22,0,14,None,None
835,Hamston,None,"Ho Chi Minh City, Viet Nam",Basic,27,103,18,45,1
836,Tony Razer,None,HÆ°ng LÃª Viá»‡t,Basic,22,0,7,1,None
837,Daicagiap,None,None,Basic,23,0,29,None,None
838,NewWorldSound ,Jess & Ty,AUS,Basic,74.6K,334,75,148,30
839,The Partysquad ,The Partysquad,Amsterdam,Basic,90.9K,"1,778",234,49,11
840,Flechette ,None,Paris,Basic,30.7K,483,48,440,199
841,Lá»™n Xá»™n,None,Ha Noi,Basic,17.7K,1,15,None,13
842,bueno89,Vinh Nguyen Tuan,"Hanoi, Viet Nam",Basic,"1,939",30,4,7,5
843,Hoang Ke Yps,Hoang Nguyen,"Ha Noi, Viet Nam",Basic,210,10,46,20,12
844,Viá»‡t ÃŸass,Hoang Quoc Viet,"Vung Tau city, Viet Nam",Basic,286,51,30,14,76
845,sieunhankick,SiÃªu NhÃ¢n Kick,"KhÃ¡nh HÃ²a, Viet Nam",Basic,140,12,71,200,36
846,DSmall ,None,None,Pro Unlimited,36.3K,36,82,298,210
847,NIMBIA,None,Viet Nam,Pro,14K,"1,184",29,481,150
848,lethaolee,None,None,Basic,296,140,38,3,2
849,FBBOIZ,None,"Ho Chi Minh City, Viet Nam",Basic,"5,934",52,13,9,4
850,CHÃ‚U ÄÄ‚NG KHOA,ÄÄ‚NG KHOA CHÃ‚U,"ho chi minh, Viet Nam",Basic,"9,778",4,43,43,84
851,Phan Le Minh,None,Phan Le Minh,Basic,538,12,20,14,5
852,Äá»— Ngá»c TÃº,Äá»— Ngá»c TÃº,"Ha Noi, Viet Nam",Basic,84,77,14,25,10
853,Thu Ã‚m ÄÃ  Náºµng 2,None,None,Basic,32,8,26,1,1
854,Rap Viá»‡t,None,"Jersey City, United States",Basic,"3,240",68,9,30,None
855,Äáº¡t,Dat Kawaii,"Ha Noi, Viet Nam",Basic,"2,538",1,33,1,None
856,legacimusic,Legaci Music,"CA, United States",Basic,"1,498",9,22,None,None
857,Anka Whyky,None,Anka Whyky,Basic,323,15,18,7,28
858,GAMPER & DADONI ,None,"Hamburg, Germany",Pro Unlimited,173K,33,41,49,631
859,Huy Phann,None,"Huy Phan, Viet Nam",Basic,360,118,36,376,6
860,Jannine Weigel ,None,Jannine Weigel,Pro Unlimited,37.3K,13,87,80,4
861,EL MA$Ked,None,EL Ma$ky,Basic,53,274,11,14,8
862,Double Trouble,Double Trouble,"Ho Chi Minh City, Viet Nam",Basic,967,21,16,34,24
863,CUSTHEKID,Uy Pham,Designer of VOK,Basic,896,217,16,917,184
864,Hoang Minh,Minh Hoang,"Ha noi, Viet Nam",Basic,54,70,6,381,10
865,TiÃªnCookie,Nguyá»…n Thá»§y TiÃªn,"Hanoi, Viet Nam",Basic,31.8K,0,27,2,None
866,TrÃºc NhÃ¢n,None,TrÃºc NhÃ¢n,Basic,"3,946",4,8,8,1
867,Hati Original,OG HATI,"Ho Chi Minh , Viet Nam",Basic,63,31,12,206,9
868,dpq=)),QuyÃªn QuyÃªn,Viet Nam,Basic,282,0,18,14,22
869,Ngá»c BÃ­ch Pháº¡m,Ngoc Pham,"HCM, Viet Nam",Basic,8,0,1,None,None
870,Triplelift ,None,ARCHIVED,Basic,"2,173",10,8,46,27
871,vieticecommunity,None,None,Basic,887,0,8,None,None
872,delgrosso,delgrosso,"Los Angeles, United States",Pro Unlimited,14.4K,2,7,None,4
873,Nightcore LG1,None,Duy LuÃ¢n Tráº§n,Basic,552,5,35,8,None
874,TRAN THAO QUYNH,Tran Thao Quynh,TÃ¢y NguyÃªn,Basic,325,4,4,194,None
875,"Amin Khani *Alexamin, AmineLL*",None,Amin Khani,Basic,29,1,12,None,None
876,Daikom,None,United States,Basic,873,11,1,221,3
877,Crazzy Reader,None,None,Basic,422,285,13,59,2
878,clarita,HÆ°Æ¡ng Thu,Viet Nam,Basic,886,0,29,121,6
879,ğ˜‚ğ—ºğ—°ğ—»ğ—´ğ—±ğ—° ğŸ¶,None,ki niem la thu giet chet chung ta,Basic,332,119,42,"2,228",44
880,thuphuong,None,viet nam,Basic,495,1,35,29,4
881,Nhat Hoang Bao,Nhat Hoang Bao,"Los Angeles, United States",Basic,43,0,3,10,8
882,Huy Tran âœ“,Huy Tran âœ“,"Washington. DC, United States",Basic,229,2,2,5,2
883,nguyÃªn.,t r u n g n g u y e n,"B I E N H O A, Viet Nam",Basic,13.8K,63,18,200,31
884,Cháº¥m VÃ o Sá»¯a,HÃ²a Cáº­n,Viet Nam,Basic,88,14,32,82,11
885,ğ”¸ğ•,None,None,Basic,"1,072",12,15,104,132
886,NhÃ¢n SÃ¢m ChÃ­nh Hiá»‡u,NhÃ¢n SÃ¢m ChÃ­nh Hiá»‡u,"Há»“ ChÃ­ Minh, Viet Nam",Basic,509,30,15,66,18
887,hieuden,Quang Hiáº¿u LÃª,"Quáº£ng Nam, Viet Nam",Basic,130,5,7,1,None
888,Nguyá»…n Há»¯u Viá»‡t,None,"Háº£i PhÃ²ng - Há»“ ChÃ­ Minh, Viet Nam",Basic,139,5,1,3,18
889,NOAX 2,None,None,Basic,"4,490",1,19,12,None
890,BEATSMASH ,Giorgio,Italy,Pro Unlimited,"2,551",268,17,392,58
891,W&W ,None,"Haarlem, Netherlands",Pro Unlimited,438K,2,209,191,None
892,lunchmoney,None,None,Basic,"1,469",8,46,None,1
893,nhá»¯ng dá»± Ä‘á»‹nh cá»§a anh,None,phuc n,Basic,123,0,9,8,1
894,Pi Seven ,Pi7 Remix,"Ho Chi Minh, Viet Nam",Pro Unlimited,22.9K,40,29,507,950
895,Dinhphung Le,None,Dinhphung Le,Basic,11,0,1,36,None
896,Sinist/a.,None,Viet Nam,Basic,"1,279",65,3,235,164
897,Chim Khong Gay,Thanh Chuc,Viet Nam,Basic,218,"1,053",22,"1,668",22
898,Diverse Music,Diverse Music,"Los Angeles, United States",Basic,58,0,8,6,2
899,VÅ© VÄƒn TÃ i,VÅ© VÄƒn TÃ i,"Hanoi, Viet Nam",Basic,43,3,8,30,1
900,Sylas,"BÃ i nÃ y hay Ä‘áº¥y, giá» nÃ³ lÃ  cá»§a tao","Demacia, Viet Nam",Basic,201,0,10,None,None
901,Äá»— HoÃ ng,None,HoÃ ng Äá»—,Basic,47,2,18,43,None
902,ÄÃ o An,ÄÃ o An,"SÆ¡n La, Viet Nam",Basic,96,8,40,3,None
903,viet anh Tran 12,None,viet anh Tran,Basic,69,2,3,None,None
904,Music MÃ¡y,None,Music MÃ¡y,Basic,136,2,11,7,None
905,S2Q-L Remix,S2Q-L Music Team,"Ha Noi, Viet Nam",Basic,"2,347",3,8,21,22
906,TNâœª,Twelfth Nov,"hochiminh, Viet Nam",Basic,494,1,13,3,None
907,nerd,None,None,Basic,167,0,1,None,None
908,ThÃ¹y VÃ¢n,None,None,Basic,251,2,9,234,None
909,chuchuottui1987,Nghiá»‡p Nguyá»…n,"Há»“ ChÃ­ Minh, Viet Nam",Basic,100,15,18,37,9
910,Haruto,None,Viet Nam,Basic,64,7,2,11,None
911,Viee,None,Viet Le,Basic,165,11,11,104,5
912,Vitu Music âœª,Tuáº¥n PhÆ°Æ¡ng,Tp. Há»“ ChÃ­ Minh,Basic,146,1,27,7,None
913,ThÃ nh Nguyá»…n,ThÃ nh Nguyá»…n,"CanTho City, Viet Nam",Basic,52,1,10,2,2
914,Tam Xuan Mai,Mai TÃ¢m,"Hanoi, Viet Nam",Basic,36,35,32,352,15
915,BÃ¹i Tuáº¥n Anh,Tuáº¥n Anh BÃ¹i,Viet Nam,Basic,205,12,3,76,231
916,All Vpop âœª Nháº¡c Viá»‡t Nam má»›i nháº¥t,None,None,Basic,"1,342",0,42,None,None
917,Trung Hiáº¿u Mowo,None,Äá»— Trung Hiáº¿u,Basic,198,5,18,13,None
918,TM.LaxusS,TM Laxus,"Háº£i DÆ°Æ¡ng, Viet Nam",Basic,333,1,6,4,3
919,NB3 HoÃ i Báº£o,Nguyá»…n HoÃ i Báº£o LÆ°Æ¡ng,"QUáº¢NG NAM, Viet Nam",Basic,302,1,2,2,None
920,bbyhuangxuxi,None,Sarah Nguyenn,Basic,160,0,1,None,None
921,Lofi_chill_Aries,None,Ur Mom Gay,Basic,88,0,7,6,None
922,NguyÃªnn,None,NguyÃªnn NguyÃªnn,Basic,176,0,1,16,2
923,Hardphol,None,None,Basic,"3,560",50,61,26,1
924,TrÃ¢u,MaÌ£nh Coon,"HÆ°ng YÃªn, Viet Nam",Basic,241,0,17,20,None
925,CetÄ…leyÃ¤,ToÃ n Phan,"HoChiMinh, Viet Nam",Basic,114,3,9,80,8
926,MÃ­t,TÆ°á»ng NgÃ¢n,"ha noi, Viet Nam",Basic,"4,920",19,9,149,395
927,anh lun,None,anh lun,Basic,92,24,11,51,1
928,â¦,None,United States,Basic,"1,499",6,14,97,27
929,ğŸ›¸D Empty ğŸ›¸,Tien Dang Minh,"Tiá»n Giang, Viet Nam",Basic,674,16,10,47,6
930,âœª NghÄ©a MilaĞ¿o â¶,None,"HÃ  Ná»™i City, Viet Nam",Basic,"5,603",568,35,368,210
931,I'm Khanh Duy âœª,Nguyen Khanh Duyâ™¥,"Háº¡ Long Bay, Viet Nam",Basic,"2,116",68,11,"1,890",488
932,NVH,V H,"hÃ  ná»™i, Viet Nam",Basic,117,31,32,"1,041",27
933,White Bunny with Black Fur,None,Cannibalistic Vegan,Basic,22,6,11,15,17
934,NMC,CÆ°á»ng Nguyá»…n,"Ha noi, Viet Nam",Basic,"1,330",44,45,70,14
935,All Vpop âœª Nháº¡c Viá»‡t Nam má»›i nháº¥t,None,None,Basic,357,0,35,None,None
936,conbocodon,None,Alex,Basic,"2,063",31,49,79,1
937,The World Red Army,Will Robinson,"Manchester, United Kingdom",Basic,213,0,4,None,None
938,Dijay-nic,Henrick Ravi,"Madinina, France",Basic,291,851,5,342,205
939,ngDucAnh,Äá»©c Anh Nguyá»…n,"Sai Gon, Viet Nam",Basic,10,88,1,255,None
940,alexthelee,zebra zebrason,"Chicago, United States",Basic,66,80,13,8,None
941,â™Œ Alozue Vermilion â™Œ,None,None,Basic,160,7,18,2,5
942,TAYEOA,DEETT,"HÃ€ Ná»˜I, Viet Nam",Basic,452,70,8,182,None
943,QNT,None,Tráº§n Máº¡nh Quang,Basic,"4,804",6,8,5,None
944,Anh Duy,Duy Anh,"HoChiMinh, Viet Nam",Basic,170,79,1,338,None
945,JokingJoker,None,Joking Joker,Basic,63,36,28,92,3
946,SÆ¡n TÃ¹ng MTP,None,None,Basic,"8,018",0,45,None,None
947,KuÃ¢nğŸ¸,QuÃ¢n QuÃ¢n,Viet Nam,Basic,18,0,2,109,None
948,dhruv,None,New York / London,Pro Unlimited,"7,542",18,8,19,3
949,neann,Sáº¯c LÃª,"Ho Chi Minh City, Viet Nam",Basic,49,1,5,7,46
950,Trá»ng TÃ­n,TÃ­n Trá»ng,"Há»“ ChÃ­ Minh, Viet Nam",Basic,11,0,8,23,None
951,pháº¡m há»•,None,ho pháº¡m gia,Basic,5,0,2,2,None
952,ROMAN,SPARTA,"Milano, Italy",Basic,"1,262",97,7,385,97
953,NgÃ´ Quang PhÃ¡t,None,PhÃ¡t Quang,Basic,64,0,5,33,32
954,ğ™ˆğ™„ğ™‰,Minh Nguyá»…n,"Há»“ ChÃ­ Minh, Viet Nam",Basic,15,0,37,12,3
955,BANCHUYENBOY,None,"SÃ i GÃ²n, Viet Nam",Basic,704,10,10,58,43
956,hoanghuy,Hoang Huy,United States,Basic,113,22,6,27,18
957,liuzhang,TrÆ°Æ¡ng LÆ°u,"Dong Hoi, Viet Nam",Basic,51,1,11,27,None
958,NCS ,None,None,Pro Unlimited,1.41M,658,972,86,505
959,LÆ°u Tháº¿ Hiá»n,None,Hiá»n LÆ°u,Basic,91,0,3,8,None
960,LÃª Tráº§n HÃ  ThÃ nh,LÃª Tráº§n HÃ  ThÃ nh,Viet Nam,Basic,156,6,25,60,1
961,Uyen Tran,None,Tran Uyen,Basic,7,0,1,None,None
962,Báº¿ Thá»‹ Minh Hiá»n,Minh Hiá»n Báº¿ Thá»‹,"Lang Son, Viet Nam",Basic,"1,383",3,3,39,9
963,Äá»©c Thá»‹nh,None,Viet Nam,Basic,78,0,22,2,1
964,Nháº¡c Hot TikTok,None,None,Basic,100,0,5,None,3
965,ğŸ¹ ğŸ· ğŸ¶ ğŸ½,None,ha noi,Basic,927,0,11,28,1
966,Tuyá»n Sine,Bolide Juno,Viet Nam,Basic,"1,335",0,16,2,2
967,Thanh Serious,None,Thanh Serious,Basic,111,14,22,14,6
968,huongmeo,huong my,"London, United Kingdom",Basic,303,15,4,363,27
969,AWOLNATION ,AWOLNATION,"Los Angeles, United States",Basic,4.28M,7,110,None,1
970,Jay tnh,None,Jay Tee,Basic,426,0,15,None,None
971,Nonono,None,sssssssss x2,Basic,24,51,1,35,9
972,Jaymes Young ,Jaymes Young,"Los Angeles, United States",Pro Unlimited,111K,0,39,4,None
973,Jake Banfield,None,918,Pro Unlimited,"8,387",3,17,23,5
974,B.o.B ,B.o.B,Atlanta,Basic,8.05M,5,269,1,22
975,T2M Production,None,"HCMC, Viet Nam",Basic,65,12,6,8,25
976,Mer,None,None,Basic,407,31,4,172,19
977,Hieu Tran Music Producer,Hieu Tran,"Ho Chi Minh City, Viet Nam",Pro Unlimited,"2,612",2,79,99,44
978,Pap Schwein,Pap Schwein,"Ho Chi Minh , Viet Nam",Basic,42,136,26,23,None
979,DÅ©ng Em,HoÃ ng DÅ©ng,Háº£i PhÃ²ng,Basic,33,30,13,10,1
980,Kháº£i Anh,Anh Kháº£i,"Há»“ ChÃ­ Minh, Viet Nam",Basic,71,1,7,5,None
981,Master,None,LÃª Trung NghÄ©a,Basic,45,7,30,4,1
982,Batman,None,"Toronto, Canada",Pro Unlimited,"1,417","1,473",7,456,905
983,nguyenkhaitriğŸ¥·ğŸ¿,None,"Tien Giang Province, Viet Nam",Basic,239,32,12,242,68
984,Cypher NhÃ  LÃ m,None,None,Basic,26,0,1,None,None
985,Alec Benjamin ,Alec Benjamin,"Phoenix, Arizona, United States",Pro Unlimited,184K,0,75,7,216
986,TrÃ  ÄÃ o nÃ¨...:),None,Chung Chung,Basic,180,189,50,"3,217",44
987,Artem Nevsky,New Sounds By Artem,"Lisischansk, Ukraine",Basic,463,1,29,1,16
988,Adil Shah,Adil Shah,"Karachi and Peshawer, Pakistan",Basic,411,75,33,"1,256",12
989,DLG MÃº Já»‡t,None,DLG MÃº Já»‡t,Basic,145,0,5,18,None
990,ğ“—ğ“¸ğ“ªÌ€ğ“·ğ“° ğ“¨ğ“®Ì‚Ìğ“· ğ“œğ“¾ğ“¼ğ“²ğ“¬,Äáº¡i Tráº§n,"ho chi minh, Viet Nam",Basic,202,9,18,42,5
991,LDL Entertainment,LDL Entertainment,Viet Nam,Basic,655,4,13,79,3
992,Taruss,Tuáº¥n Anh,Viet Nam,Basic,195,53,20,297,51
993,Nhat Nguyen,None,Nhat Nguyen,Basic,195,0,27,3,None
994,TÃ¹ng ÄÃ o,None,TÃ¹ng ÄÃ o,Basic,24,21,7,7,2
995,Tarlish Official,None,Nguyen Ngo Dai Phuc,Basic,95,0,8,12,4
996,ST.319 Entertainment,None,ST.319 Entertainment,Basic,12.6K,5,25,42,None
997,hahoangson,HÃ  HoÃ ng SÆ¡n,Hanoi,Basic,182,97,32,424,4
998,Tiáº¿n TuTi,None,Tiáº¿n TuTi,Basic,29,1,2,2,3
999,PasHuwnq,None,BÃ¡ HÆ°ng,Basic,10,1,2,6,None
1000,Naut_Cud,None,Äá»©c Nguyá»…n,Basic,832,9,29,83,1
1001,Regard ,None,Dj Regard Official,Basic,77.3K,118,158,169,120
1002,Rauf & Faik ,Rauf Faik,"izhevsk, Russian Federation",Basic,81.9K,0,29,9,None
1003,Nimcachon,None,Ho Chi Minh cty,Basic,101,3,26,49,1
1004,Há»“ Duy VÄƒn,Há»“ Duy VÄƒn,"TP Vinh, Viet Nam",Basic,91,0,21,7,4
1005,Thanh Truc Vo,TrÃºc VÃµ,"Äá»“ng Nai, H. Long ThÃ nh, Viet Nam",Basic,372,0,13,1,2
1006,Äáº·ng HoÃ ng ToÃ n â™ª,IG â€¢Kotaro,"TP HCM, Viet Nam",Basic,153,0,10,39,1
1007,All Vpop âœª Nháº¡c Viá»‡t Nam má»›i nháº¥t,None,None,Basic,"2,206",140,45,57,14
1008,Gia Bao,None,GB Channel Official,Basic,4,1,4,7,2
1009,Tráº§n VÅ© Minh KhÃ´i,None,Minh KhÃ´i Tráº§n VÅ©,Basic,358,29,18,90,4
1010,Lisa,None,None,Basic,"1,158",0,3,None,None
1011,All Vpop âœª Nháº¡c Viá»‡t Nam má»›i nháº¥t,None,None,Basic,307,0,38,None,None
1012,[BM.Family] Big P,PhÃºc,"SÃ i GÃ²n, Viet Nam",Basic,719,182,32,313,198
1013,All Vpop âœª Nháº¡c Viá»‡t Nam má»›i nháº¥t,None,None,Basic,80,0,39,None,None
1014,Sevenk Nguyá»…n,Nguyá»…n Há»¯u Minh KhÃ´i,Há»“ ChÃ­ Minh,Basic,"8,473",62,47,61,149
1015,All Vpop âœª Nháº¡c Viá»‡t Nam má»›i nháº¥t,None,None,Basic,"3,260",0,39,None,None
1016,H.A Music B,H.A Music B,United States,Basic,78,11,12,90,8
1017,All Vpop âœª Nháº¡c Viá»‡t Nam má»›i nháº¥t,None,None,Basic,84,0,42,None,None
1018,Hits Paradise ğŸ‡ºğŸ‡¸â–¶ï¸ (follow for more),Hits Paradise,"Chicago, United States",Basic,879,79,53,51,64
1019,T.Reaper [HaiNgoai Inc.],Huy Thai,"Boston, United States",Basic,487,1,11,8,43
1020,ğ“¢ğ“±ğ“²ğ“¾,None,None,Basic,267,0,1,2,None
1021,I I Yasuo,None,I I Yasuo,Basic,25,0,1,None,None
1022,Hiderway ,This is Hiderway,"Ho Chi Minh City, Viet Nam",Basic,"4,676",5,28,55,135
1023,Kurniawan Effendy,None,None,Basic,"5,199",1,37,7,1
1024,La FrÃ©quence,Piano-House & Music Lovers,"Bordeaux, France",Basic,15.5K,188,12,257,34
1025,99 Percent,@its99Percent,"Bay Area, CA",Basic,"3,902",19,13,3,None
1026,Travis Scott ,None,"Houston, TX, United States",Basic,2.07M,6,149,2,None
1027,Chevy Woods ,None,None,Pro Unlimited,38.6K,15,147,13,None
1028,SpeakerKnockerz ,Speaker Knockerz,"Columbia, United States",Basic,253K,3,12,1,None
1029,K Camp ,KCamp,Atlanta,Pro Unlimited,307K,2,394,28,1
1030,2:00 AM,None,None,Basic,"1,563",2,6,10,None
1031,Kang Daesung,Hixle D-lite,"Jacksonville, United States",Basic,"2,706",28,35,92,22
1032,real__pcy,Chanyeol Park,"Seoul, Republic of Korea",Basic,472K,4,17,6,None
1033,good day,None,None,Basic,234,167,3,25,None
1034,NCS Music,None,NCS Music,Basic,336,2,32,None,None
1035,Ali Hoang Duong,Duong Ali Hoang,"Ho Chi Minh, Viet Nam",Basic,850,0,4,17,1
1036,Trá»‹nh Hiáº¿u,None,Trá»‹nh Hiáº¿u,Basic,13,0,2,2,None
1037,All Vpop âœª Nháº¡c Viá»‡t Nam má»›i nháº¥t,None,None,Basic,"1,962",0,42,None,None
1038,.Hy,None,Viet Nam,Basic,978,11,5,28,7
1039,CAMMIE ROBINSON,None,Neverland,Pro Unlimited,"2,760",71,7,350,556
1040,L2Shareâ™«42,None,None,Basic,22K,11,36,16,None
1041,BTS ,None,None,Pro,3.96M,2,137,4,None
1042,ì¦ë¹„å‰å‰,None,G .,Basic,694,4,47,127,2
1043,Yung Sufi,Safwan Azeem,"Sialkot, Pakistan",Basic,"2,548",0,20,735,6
1044,wxyz,None,None,Basic,10.5K,4,9,10,None
1045,rose,None,None,Basic,"3,840",23,5,132,None
1046,BÃ¹i Toáº£n,None,"thanh hoÃ¡, Viet Nam",Basic,64,0,8,6,None
1047,PHoai,None,HoÃ i Pháº¡m,Basic,935,0,8,7,None
1048,chymies,None,Duy PhÃ¹ng,Basic,170,0,5,4,1
1049,Decabroda Music Vietnam,Decabroda Music Vietnam,"Bien Hoa, Viet Nam",Pro Unlimited,266,64,136,135,38
1050,Moon,None,None,Basic,44,0,3,None,None
1051,Bill Carl Boomer,Rell Mood,"Stevens Universe, United States",Basic,"1,036",502,24,"1,050",39
1052,L2Shareâ™«140,None,None,Basic,"2,658",97,34,None,None
1053,JUICCY,None,"seattle, United States",Basic,329,24,43,206,81
1054,rimpai,None,None,Basic,34,0,27,4,4
1055,Skimma,Ski mma,"Los Angeles, United States",Basic,332,1,2,19,9
1056,A-Wall ,None,"Dallas, TX",Pro Unlimited,"3,245",24,68,110,32
1057,Glass Animals ,None,Glass Animals,Basic,205K,0,94,1,None
1058,Lil Nas X ,Lil Nas X,ATL,Pro Unlimited,311K,19,37,15,94
1059,Fake Joke,None,Fake Joke,Basic,17,1,16,2,2
1060,S.D Records,None,"Saigon, Viet Nam",Basic,"7,875",9,6,None,None
1061,Má»™t Báº¡n Gay Giáº¥uTÃªn,None,Má»™t Báº¡n Gay Giáº¥uTÃªn,Basic,37,11,1,43,4
1062,GauPiSa,None,None,Basic,7,5,1,12,None
1063,fubep,None,None,Basic,12,0,8,None,None
1064,Me2zoft4,Zahid Jr,"Los Angeles, United States",Basic,540,130,18,25,None
1065,æ¨æµ©ä¸œ,None,æµ©ä¸œ æ¨,Basic,7,0,10,10,None
1066,Anh Quang Nguyá»…n,None,Anh Quang Nguyá»…n,Basic,68,9,40,12,1
1067,QuÃ¢n Rapper,None,QuÃ¢n Nguyá»…n VÄƒn,Pro Unlimited,12K,"1,227",68,"1,932","3,036"
1068,Syouku74,None,Syouku 74,Basic,43,69,24,215,1
1069,Huang,None,Ru Huang,Basic,771,2,55,160,None
1070,Maanniixx TM95,Nelson Ndjate,"Paris, France",Basic,"1,939",3,50,None,None
1071,Robert Petre,None,Robert Petre,Basic,81,1,1,79,1
1072,Aries ,None,"wunderworld, california",Pro Unlimited,88.8K,1,30,None,None
1073,scruffpuppie ,JJ Shurbet,"los angeles, United States",Pro Unlimited,33.7K,220,123,486,118
1074,LUCKI ,None,"Chicago, United States",Basic,179K,0,219,249,None
1075,Shirfine,Shirley Guo,"Los Angeles, United States",Basic,"1,029",81,20,9,6
1076,1440 Cassette,Truong Binh,Viet Nam,Basic,106,0,8,8,5
1077,TVC Gamer,None,TVC Gamer,Basic,29,28,48,2,2
1078,Cho won hui,None,None,Basic,24,0,4,None,None
1079,TÃ¢mGu â™ª,Remixes,"BuÃ´n Ma Thuá»™t, Viet Nam",Basic,385,260,7,44,39
1080,onlylanh,None,None,Basic,599,0,7,10,None
1081,All Vpop âœª Nháº¡c Viá»‡t Nam má»›i nháº¥t,None,None,Basic,183,0,41,None,None
1082,ğ—°ğ—¹ğ—¶ğ˜ğ˜‚ğ˜€ ğ—°ğ—µğ—¶ğ—¹ğ—¹,Tuáº¥n Quang,LÃ¢m Äá»“ng,Basic,468,0,13,12,29
1083,Lá»­a,Há»“ Thanh NghÄ©a,"Há»“ ChÃ­ Minh, Viet Nam",Basic,748,16,12,44,56
1084,En,None,"BÃ¬nh PhÆ°á»›c, Viet Nam",Basic,806,0,18,20,None
1085,Há»¯u Háº¡o,None,Há»¯u Háº¡o,Basic,440,1,4,None,None
1086,fiona,None,chill,Basic,88,0,10,2,None
1087,Greenyboys,None,"THU DAU MOT, Viet Nam",Basic,25,0,2,3,None
1088,checkurprayers,an quang,"+hanoi, Viet Nam",Basic,"1,015",2,1,16,3
1089,Zrus âœª,ThÃ¬n âœ” LÃª Quang,"BuÃ´n MÃª Thuá»™t, Viet Nam",Basic,"1,116",33,22,138,30
1090,MIT,None,"My Tho, Viet Nam",Basic,91,6,10,54,2
1091,justinradio,ThÃ nh Vinh,Ha Noi,Basic,355,6,23,None,7
1092,Kevinnnz,Tiáº¿n LÆ°Æ¡ng Thanh,"Huáº¿, Viet Nam",Basic,249,31,2,38,13
1093,ÄÄƒng Äan,None,Viet Nam,Basic,51,1,17,160,None
1094,King Peru âš•ï¸,None,From DARKLAKGANG,Basic,946,4,11,45,28
1095,*+ slowed vibes +**,None,OG,Basic,669,4,51,31,8
1096,Trá»‹nh Thanh VÃ¢n â™«ê’°ï½¥â—¡ï½¥à¹‘ê’±,:),"Äang BÆ¡i Giá»¯a VÅ© Trá»¥, Australia",Basic,13.5K,83,58,186,356
1097,Kháº£i Nguyá»…n,Nguyá»…n Kháº£i,"HÃ  Ná»™i, Viet Nam",Basic,"3,496",16,30,84,39
1098,Pinkuu,Nguyá»…n Há»“ng Hoa,HÃ  Ná»™i,Basic,"3,423",31,23,83,239
1099,Chow.M,None,None,Basic,181,45,2,513,12
1100,ThÃ¡i DÆ°Æ¡ng,None,DÆ°Æ¡ng,Basic,34,0,1,1,None
1101,ÄÄƒng Tráº§n,ÄÄƒng Tráº§n,Hong Kong,Basic,22,20,1,182,3
1102,Louisa,Äan Vy Huá»³nh,"Ho Chi Minh City, Viet Nam",Basic,4,0,11,498,None
1103,Sick3r,None,"LÃ ng LÃ¡, Viet Nam",Basic,275,17,5,14,83
1104,BINQANGBADTRIP,Quang Bin,"ÄÃ  Láº¡t, Viet Nam",Basic,6,3,1,16,1
1105,Surfaces ,band,texas,Pro Unlimited,29K,50,66,235,5
1106,Tritiz,NHH H,"BMT, Viet Nam",Basic,793,55,32,26,29
1107,qianhui sun,None,qianhui sun,Basic,"1,358",0,1,None,None
1108,jane,Quynh Anh Mai,Viet Nam,Basic,82,0,5,10,5
1109,Thu :3,Thu Thu,Viet Nam,Basic,45,0,8,205,None
1110,ğ“€ğ’¶ğ’¾ğ“ˆğ“‚ğ’¾ğ“‰ğ’½,Kai Smith,"Ha Noi, Viet Nam",Basic,215,433,7,252,120
1111,HoÃ ngg Huyy,HoÃ ngg Huyy,ThÃ¡i NguyÃªn,Basic,0,2,6,58,None
1112,Creepo,None,Trinh Lan,Basic,159,5,7,19,33
1113,Wang n Zang,Há»“ TrÆ°á»ng Giang / Wang An Nan,"ÄÃ  Náºµng, Taiwan, Province of China",Basic,"6,078",83,29,244,180
1114,Young Mosey,HoÃ ng Gia Khoa,"Thai Nguyen, Viet Nam",Basic,135,15,4,27,73
1115,Dione Lomack,None,Dione Lomack,Basic,535,36,1,78,None
1116,rosei,Minh Long Nguyá»…n VÅ©,"TPHCM, Viet Nam",Basic,"1,528",2,1,153,None
1117,47.face,None,Ahmad Altaher,Basic,138,2,9,16,8
1118,Zarolda,None,None,Basic,752,0,52,None,None
1119,432Hz VIBEz,None,None,Basic,"1,641",19,45,77,27
1120,Devon Sangs,Devon Sangs,"Atlanta, United States",Pro Unlimited,255,0,12,None,6
1121,ğ”–ğ”¨ğ”¯ğ”¢ğ”¢ğ”± ğ”…ğ”ğ”Ÿğ”¶,None,Denver Colorado,Basic,349,36,5,675,114
1122,Huy Nguyá»…n,None,Huy Nguyá»…n,Basic,66,10,12,403,None
1123,puday,None,phÆ°Æ¡ng nguyá»…n,Basic,6,1,24,606,3
1124,Triá»‡u HÃ o,None,"HÃ  Ná»™i, Viet Nam",Basic,51,23,5,88,16
1125,K Minor,None,None,Basic,159,40,52,139,55
1126,Laica,None,Los Angeles,Basic,698,5,18,32,None
1127,_phamlinh_,None,None,Basic,18,2,5,88,17
1128,ati,None,Slovakia,Basic,500,2,6,9,2
1129,salem ilese ,None,"Los Angeles, United States",Pro Unlimited,"7,003",79,39,27,4
1130,hngjng ğŸ¥€,i like zenitsu,"snezhnaya <3, Singapore",Basic,780,9,6,76,17
1131,ShenZ,Anh Pham,"Há»“ ChÃ­ Minh, Viet Nam",Basic,227,0,1,65,None
1132,mh bÃ©,Minh Hang,"HÃ  Ná»™i, Viet Nam",Basic,76,83,1,100,7
1133,GUA âœ¨,Huy Pham,"Cape Coral, United States",Basic,475,44,9,187,85
1134,TaylorDaClownn. ,Taylor.,BDSM,Basic,"1,953",43,32,640,266
1135,jhnmyr,None,None,Basic,"4,365",0,4,None,None
1136,7OH2 ,None,"Sin City, United States",Pro Unlimited,"4,111",96,28,151,59
1137,nero21,None,Viet Nam,Basic,59,102,11,500,32
1138,So Relax,None,Thá»‹nh ÄÃ o,Basic,663,14,5,190,44
1139,toi la mike,Mike Viá»‡t,"Bac Giang, Viet Nam",Basic,610,0,38,248,2
1140,Astronormous,None,"Saigon, Viet Nam",Basic,"9,586",6,32,11,41
1141,mÄáº¡tt,None,M. Äáº¡tt,Basic,7,0,24,26,1
1142,SICK-IES,None,"Ho Chi Minh, Viet Nam",Basic,65,0,2,None,None
1143,Nii,None,Viet Nam,Basic,877,0,34,15,1
1144,KLGğŸ’–,is your love,In your heart,Basic,631,71,8,"1,343",208
1145,Beatrice â˜ğŸ’,LÃª CÆ°á»ng Nguyá»…n,"HÃ  Ná»™i, Viet Nam",Basic,160,0,14,8,1
1146,No Vacation ,None,"San Francisco/Brooklyn, United States",Basic,27.4K,4,27,57,35
1147,Yuki Amano,None,Yuki Amano,Basic,92,8,3,12,1
1148,Willdawind,Tráº§n ThiÃªn TÃ i,"HCM, Viet Nam",Basic,"7,902",320,12,946,299
1149,LilGee Pham,LilGee Pháº¡m,"Há»“ ChÃ­ Minh City, Viet Nam",Pro Unlimited,996,14,40,39,2
1150,Huy Sike,Huy Sike,Viet Nam,Basic,80,5,10,52,None
1151,Ngá»c Phan,None,Ngá»c Phan,Basic,236,1,26,25,2
1152,tddchll,teddy chilla,"SAIGON/HIGHLAND, Viet Nam",Basic,"5,627",585,48,"5,269",232
1153,itsnk,None,Hanoi / Chicago,Pro Unlimited,13.7K,446,33,926,37
1154,Cao Báº±ng Soul,CaoBang Soul,"Caobang City, Viet Nam",Basic,616,91,15,76,63
1155,mel,yung papa,socal,Basic,"1,043",173,10,"1,013",None
1156,unamed_03x,None,Viet Nam,Basic,279,48,4,294,23
1157,Zynnie Huynh,None,Zynnie Huynh,Basic,23,0,2,3,None
1158,Anitsu,Austin Abalos,"Vancouver, Canada",Basic,"2,416",45,18,8,5
1159,Kina ,None,None,Pro Unlimited,108K,48,48,5,None
1160,$MOKER.414DAWG,Killmonger Smoker7kk,"Cao lÃ£nh, Viet Nam",Basic,353,82,39,455,104
1161,nourish. ,None,None,Pro Unlimited,47.1K,"1,997","1,030","1,556",67
1162,ğ™ğ™„ğ˜½,None,HCMC,Basic,275,18,11,311,6
1163,ChuÌ MeÌ€o,None,Gin Lee,Basic,352,382,6,"1,430",13
1164,Duong,DÆ°Æ¡ng,"Ha Noi, Viet Nam",Basic,114,1,11,899,11
1165,trungtran,None,"Ha Noi, Viet Nam",Basic,"4,150",18,8,101,165
1166,AntiNightcore,None,"Seoul , Republic of Korea",Basic,"1,602",1,18,163,132
1167,9x Entertainment,9x Entertainment,"SÃ i GÃ²n, Viet Nam",Basic,793,0,2,None,2
1168,Arizona Zervas ,Arizona Zervas,LA,Pro Unlimited,66.5K,60,36,26,472
1169,/bstmde.,None,None,Basic,"2,641",5,4,5,2
1170,Lena Lena,Le Na,"Quang Tri, Viet Nam",Basic,20.7K,1,20,41,11
1171,TOMORROW X TOGETHER,Tomorrow x Together,"Seoul, Republic of Korea",Basic,183K,0,5,None,None
1172,brysontiller ,bryson tiller,T R A P S O U L,Pro Unlimited,1.07M,13,87,13,None
1173,nozo,None,None,Basic,42,0,10,448,1
1174,NTR.MND(ë„¤ì´ì³ë§ˆì¸ë“œ),ì§€í˜¸ ë°•,Space City,Pro,"1,208",116,51,642,322
1175,Nguyen Phat,phat nguyen,Viet Nam,Basic,36,6,6,98,None
1176,nappy 01' ,None,forever for you,Basic,"8,088",12,76,"2,879",70
1177,Rhea MoÃ¸n,None,Texas,Pro,467,78,18,513,145
1178,C2D ,None,@createdsoft,Pro Unlimited,"9,254",158,33,"2,708",130
1179,ryu,Tran Quoc Thinh,your teenage has-been beat maker,Basic,"4,347",933,38,473,384
1180,redvelvetaudios,red velvet audios,sm recording studio,Basic,2,0,11,None,None
1181,slchld ,None,vancouver,Pro,43.9K,169,28,655,31
1182,ğ™¡ğ™ªğ™¨ğ™©ğ™§ğ™®.,None,None,Basic,15.1K,5,44,104,17
1183,Zii Kaka Music,None,Last RR,Basic,"1,216",1,43,54,7
1184,Äá»©c Anh,None,None,Basic,141,1,3,8,None
1185,aloluday,None,None,Basic,"5,474",70,10,441,123
1186,dÃ­m,None,"Ho Chi Minh city, Viet Nam",Basic,"1,950",52,49,273,187
1187,My Anh,None,"Hanoi, Viet Nam",Basic,"3,962",33,8,20,13
1188,levinh,levinh 0xinh,"Hanoi, Viet Nam",Basic,170,42,13,"1,121",49
1189,Tháº¿ Báº£o ,Tháº¿ Báº£o,"SAI GON, Viet Nam",Basic,23.4K,43,15,119,300
1190,My,My Sayhi,"Tiá»n Giang, H. GÃ² CÃ´ng TÃ¢y, Viet Nam",Basic,555,0,30,144,3
1191,ğš’ ğš‘ğšŠğšŸğš ğšŠ ğšœğš•ğš˜ğš ğšğš ğšœğš˜ğš—ğš,Nguyá»…n ToÃ n,Viet Nam,Basic,"3,966",3,36,None,130
1192,gnasche,None,"Dong Nai, Viet Nam",Basic,20,0,16,41,None
1193,Sad chill,None,Sad chill,Basic,"1,033",0,20,41,None
1194,Y02DER (@Y02DER),ë‹¹ì‹ ì€ ì´ë¯¸ ë‚˜ë¥¼ ì•Œê³ ,"seoul, Republic of Korea",Pro Unlimited,713,57,227,496,486
1195,peakkk,None,0502475000tor,Basic,136,8,35,674,2
1196,driver ,None,None,Pro Unlimited,28.2K,745,139,"6,641",636
1197,Cardboard Box,None,None,Basic,"2,528",47,32,752,4
1198,John Bergeson,John Bergeson,"New York, United States",Pro Unlimited,193,4,46,"1,289",70
1199,ngtanh,Thu Anh Nguyen,Viet Nam,Basic,117,57,3,116,6
1200,Rym Official,Nguyá»…n Quang Vinh,"Toronto, Canada",Basic,605,27,9,18,64
1201,ixuan,XuÃ¢n Nam,"VÅ©ng TÃ u, Viet Nam",Basic,101,14,3,82,16
1202,alone boy...,None,None,Basic,42,20,3,546,None
1203,RÃªveurs_,None,okok,Basic,579,11,9,410,13
1204,VIET.,None,HANOI,Basic,"8,604",0,10,95,26
1205,CTRX_ãƒ€ã‚¹ãƒ†ã‚£ãƒ³,None,None,Basic,"2,188",61,28,245,88
1206,háº¡nh ngÃ¢n.,None,None,Basic,"3,450",2,6,None,None
1207,Lyra Tráº§n,None,Tráº§n Lyra,Basic,68,4,1,1,None
1208,Linh xinh nÃ¨eeee,None,Linh Nguyá»…n,Basic,48,2,2,3,13
1209,fresco.,Äinh Thanh TÃ¹ng,"ha noi, Viet Nam",Basic,66,33,1,72,11
1210,Lobo Music,None,None,Basic,48,0,18,3,None
1211,WhatsupPhillip,None,None,Basic,979,7,3,110,3
1212,marzuz,/on my best behavior,/hanoi; vnam,Basic,58.8K,140,14,90,None
1213,David Guetta ,David Guetta,"Paris, France",Pro Unlimited,2.39M,8,652,None,None
1214,All Vpop âœª Nháº¡c Viá»‡t Nam má»›i nháº¥t,None,None,Basic,518,0,25,None,None
1215,Megan Thee Stallion ,Megan,"Houston,TX, United States",Pro Unlimited,315K,0,114,7,None
1216,DENI,None,None,Basic,"1,451",283,28,232,175
1217,CD Team,Quang TrÆ°á»ng,"HCM, Viet Nam",Basic,41,9,4,7,14
1218,ğ¤ğ–Šğ–‘ğ–‘ğ–ğ–Š,Anh Kim,Viet Nam,Basic,71,0,1,13,None
1219,cloudy,eyes on the stars.,Hanoi / Sydney,Basic,"5,705",67,5,742,10
1220,Eternal Chillsâ™¥,John Irann,"Davao, Philippines",Basic,"1,321",28,11,25,3
1221,Leecrazygogo,Lee Punk,"Summer, Viet Nam",Basic,38,48,4,74,18
1222,Mii ChÃ³,None,Thá»§y Nguyá»…n,Basic,34,62,2,428,2
1223,Chá»§ Tá»‹ch Kim,None,"Hanoi, Viet Nam",Basic,11.1K,19,7,91,3
1224,QUÃ‚N REV OFFICIAL,QUÃ‚N REV,HÃ  Ná»™i,Basic,"2,636",147,14,85,42
1225,PhÆ°Æ¡ng,None,Luftmanp,Basic,"1,418",20,4,109,37
1226,teeayz ,None,hanoi,Pro Unlimited,"2,761",155,11,635,15
1227,ğ–’ğ–ğ–ğ–‘ğ–â˜¥Â³,rdirzzit Uditdtid,Viet Nam,Basic,186,4,42,132,1
1228,hunj1n9,None,"Thai Nguyen, Viet Nam",Basic,69,83,5,143,11
1229,å°ç§€æ™¶,None,None,Basic,251,0,9,None,1
1230,Tháº£o Nguyá»…n Minh,None,Tháº£o Nguyá»…n Minh,Basic,11,22,2,46,1
1231,s 0 0 z,None,Seoul,Basic,191,55,12,122,98
1232,Kidx Rain,None,None,Basic,30,8,3,9,16
1233,ğŒğšğ'ğ‹,LÃª Nguyá»…n Nháº­t LuÃ¢n,"Westside, Viet Nam",Basic,"2,266",0,23,66,125
1234,sá»©a nhá» bÃ© .3.,Ly Le,city of love,Basic,164,117,2,665,1
1235,NgÃ¢n HoÃ ng,None,NgÃ¢n HoÃ ng,Basic,675,4,5,24,2
1236,young forever,None,Viet Nam,Basic,88,8,6,114,26
1237,Gill,Room 808,"H Town, Viet Nam",Basic,13.2K,94,11,678,111
1238,johnny stimson ,None,None,Pro Unlimited,19.5K,1,46,8,6
1239,R0Â¥,None,ã—ã„ æ‚²,Basic,67,24,13,406,16
1240,nhatlinh1807,Linh Pham,"thaibink, Viet Nam",Basic,29,7,6,74,4
1241,Emty,None,Cá»§a Äáº£ng Ãnh SÃ¡ng,Basic,7,15,1,22,2
1242,frad ,ë¬¸í˜•ì„,Republic of Korea,Pro Unlimited,20.7K,644,35,"2,241",818
1243,SoMo ,None,"Dallas, United States",Pro Unlimited,300K,2,159,2,None
1244,Deus Tiáº¿n Äáº¡t,None,Äáº¡t Tiáº¿n,Basic,"5,903",118,21,285,278
1245,Sunn,Minh Nháº­t Phan,"Ho Chi Minh, Viet Nam",Basic,36,18,7,13,2
1246,pnhi13,None,PhÆ°Æ¡ng Nhi,Basic,46,5,7,88,None
1247,0182 ttyn,None,0182 ttyn,Basic,36,1,1,4,None
1248,Tcow,None,"Ha Long, Viet Nam",Basic,855,65,5,"4,238",338
1249,MinhHieeus,None,None,Basic,214,13,32,347,6
1250,hireal27,None,Jin Nguyá»…n,Basic,286,3,8,48,4
1251,Nguyá»…n ThÃ nh ÄÃ´ng,None,ÄÃ´ng Nguyá»…n,Basic,39,0,11,None,None
1252,daisymajor,None,"Pleiku, Viet Nam",Basic,535,1,4,13,10
1253,roger,None,None,Basic,216,1,2,"1,041",11
1254,nicedays,None,nice days,Basic,125,4,4,15,None
1255,Nam Per,NguyÃªÌƒn HoaÌ€i Nam,"HÃ  Ná»™i, Viet Nam",Basic,"7,327",182,4,173,183
1256,Nguyá»…n Duy HÆ°ng,HÆ°ng Nguyá»…n Duy,Viet Nam,Basic,105,1,12,64,4
1257,DJ Willzi,Hoang Anh,"HÃ  Ná»™i, Viet Nam",Basic,"2,490",8,1,10,106
1258,Tuáº¥n,Tuáº¥n Scarra,Viet Nam,Basic,15,126,19,57,3
1259,Quy Tran,None,Quy Tran,Basic,40,167,8,626,None
1260,Vinh Nguyá»…n,None,Nguyá»…n Vinh,Basic,70,114,4,495,None
1261,Minh Triá»u,None,"HCMC, Viet Nam",Basic,"2,655",49,7,64,32
1262,Yuri Park,Yuri Park,"Seoul, Republic of Korea",Basic,"5,520",17,6,206,None
1263,MoiiFlow,None,"Phuket, Thailand",Pro Unlimited,260,21,15,16,7
1264,Hippie Sabotage ,The Hippies,"California, United States",Pro Unlimited,296K,124,198,16,None
1265,I'mQuáº£ng,Pháº¡m Shu,"Quáº£ng Ninh, Viet Nam",Basic,27,78,26,450,5
1266,SMELOD,None,Nhat Minh,Basic,"3,100",19,79,52,94
1267,sicMJ58,SIC GANGGGG,"Hanoi, Viet Nam",Basic,669,391,46,221,85
1268,"Giáº­t,",ToÃ n Minh,"Ha Noi, Viet Nam",Basic,508,7,1,39,8
1269,vitcon.drrs,None,None,Basic,"3,496",0,3,9,5
1270,Millesim ,None,"Paris, France",Pro Unlimited,50.2K,284,19,394,227
1271,Sway Bleu,None,los angeles,Pro Unlimited,"2,047",17,3,259,18
1272,keshi ,None,Houston,Pro,126K,30,38,189,70
1273,L2Shareâ™«92,None,None,Basic,"5,793",1,43,None,None
1274,cozy9ang,None,"Sai Gon-Binh Duong, Viet Nam",Basic,372,10,7,70,18
1275,Tiá»ƒu Kang,LÃª VÅ© Háº£i Long,"Sin City, Viet Nam",Basic,296,39,5,441,115
1276,Duckie,Zá»‹t's Muzá»‹c,Sai Gon,Basic,14.1K,38,47,"1,268",651
1277,bean,None,None,Basic,72,0,19,None,2
1278,ë‹¬ì´,None,"seoul, Republic of Korea",Basic,"1,317",0,1,24,None
1279,WHO$ (í›„ìŠ¤),None,"Seoul, Republic of Korea",Basic,"7,095",313,28,85,None
1280,sehooninseoul,None,seoul,Pro Unlimited,18K,58,46,171,128
1281,pannocchia,None,LONDON,Basic,8,71,1,267,8
1282,LAKEY INSPIRED ,LAKEY,Los Angeles,Pro Unlimited,188K,49,19,885,"4,424"
1283,<3,None,ë°ì™€ DIOA,Basic,73,21,7,197,3
1284,Dane Amar,Dane Amar,"San Diego, United States",Basic,"1,246",366,71,299,19
1285,SMVL ,SMVL,"Saigon, Viet Nam",Pro Unlimited,"2,583",24,18,31,9
1286,AIGHT.D,AIGHT D,"s g c i t y , Viet Nam",Basic,"1,087",19,8,923,331
1287,Yung Turtlrâœ°,Real Cartoon Characterr,Vapor City/ Pixel World,Basic,997,84,11,208,36
1288,Left Hand Archive,None,leaks and snippets,Basic,448,22,14,83,None
1289,lil cÃ¢y zá»«a,None,None,Basic,"1,306",2,3,8,2
1290,EREN,None,"Saigon, Viet Nam",Basic,"1,690",0,9,74,29
1291,zach farache ,verzache,toronto,Basic,30.4K,115,7,390,61
1292,Peter Burgs,Anh Trá»‹nh Minh,"Ho Chi Minh, Viet Nam",Basic,125,5,7,17,None
1293,Princess Beno,None,Princess Beno,Basic,46,4,13,17,1
1294,åˆ—ç»´ å¸•æ–¯å¥å°”,None,Levi Pasquale,Basic,75,29,6,56,None
1295,ACIDKID,from Darklakgang,â¸¸im gonna kill myselfâ¸¸,Basic,"1,175",10,4,465,247
1296,ğ–„ğ–Šğ–™ğ–ğ•­.ğ•¯ğ–†.ğ•²ğ–Šğ–“ğ–™ğ–‘ğ–Š ğŸ”¥ğŸ‘ŒğŸ½,Pham Huy Phuc,"DL Town -> $ai Gon, Viet Nam",Basic,48,182,4,320,70
1297,28Z.Tanyislit,None,peace city boi,Basic,71,75,7,40,26
1298,Kwanhh,Quang Anh,"HÃ  Ná»™i, Viet Nam",Basic,391,94,13,580,131
1299,revlis isa,silver,United States,Basic,421,81,23,888,83
1300,JJKXTHK,None,Tae Kook,Basic,766,0,3,None,None
1301,Pink Elephant,Pink Elephant Official,"Bucharest, Romania",Pro,11.4K,61,111,304,100
1302,K!w!,None,None,Basic,619,11,11,34,7
1303,TÃ¹ng,Tung Bao Nguyen,Saigon/Melbourne,Basic,22.3K,31,27,27,53
1304,HoÃ i Thu,None,HoÃ i Thu,Basic,23,22,7,108,None
1305,Lingu,None,"Saigon, Viet Nam",Basic,64,40,9,453,48
